Production_ID,Production_Date,Product_ID,Planned_Quantity,Produced_Quantity,Rejected_Quantity,Shift,Production_Line
PRD0059,2025-01-01 00:00:00,P005,447,424,15,Evening,Line 2
PRD0490,2025-01-01 00:00:00,P003,175,167,4,Night,Line 2
PRD0136,2025-01-01 00:00:00,P005,364,332,12,Night,Line 2
PRD0100,2025-01-01 00:00:00,P004,257,240,8,Evening,Line 1
PRD0199,2025-01-02 00:00:00,P004,472,433,11,Night,Line 1
PRD0024,2025-01-02 00:00:00,P004,212,196,6,Morning,Line 1
PRD0352,2025-01-03 00:00:00,P011,386,370,5,Night,Line 5
PRD0361,2025-01-04 00:00:00,P002,232,219,8,Morning,Line 1
PRD0118,2025-01-06 00:00:00,P007,430,397,9,Morning,Line 1
PRD0022,2025-01-06 00:00:00,P007,203,185,7,Night,Line 1
PRD0082,2025-01-07 00:00:00,P001,488,449,10,Morning,Line 1
PRD0384,2025-01-08 00:00:00,P007,185,178,3,Evening,Line 1
PRD0121,2025-01-10 00:00:00,P003,429,414,7,Evening,Line 2
PRD0366,2025-01-10 00:00:00,P010,152,139,5,Morning,Line 4
PRD0116,2025-01-10 00:00:00,P010,95,89,2,Evening,Line 4
PRD0332,2025-01-10 00:00:00,P012,446,429,8,Morning,Line 5
PRD0077,2025-01-10 00:00:00,P001,339,329,2,Morning,Line 1
PRD0107,2025-01-11 00:00:00,P009,427,410,13,Evening,Line 4
PRD0002,2025-01-12 00:00:00,P003,293,281,9,Night,Line 2
PRD0441,2025-01-12 00:00:00,P011,450,438,6,Morning,Line 5
PRD0307,2025-01-13 00:00:00,P005,493,464,5,Morning,Line 2
PRD0154,2025-01-13 00:00:00,P003,453,445,2,Morning,Line 2
PRD0405,2025-01-13 00:00:00,P009,199,186,7,Morning,Line 4
PRD0494,2025-01-13 00:00:00,P007,296,279,6,Night,Line 1
PRD0220,2025-01-14 00:00:00,P007,229,216,3,Morning,Line 1
PRD0147,2025-01-15 00:00:00,P006,92,91,1,Morning,Line 1
PRD0273,2025-01-16 00:00:00,P007,112,108,1,Evening,Line 1
PRD0065,2025-01-16 00:00:00,P005,385,356,12,Morning,Line 2
PRD0261,2025-01-17 00:00:00,P011,448,425,6,Evening,Line 5
PRD0060,2025-01-19 00:00:00,P010,287,279,7,Evening,Line 4
PRD0055,2025-01-19 00:00:00,P006,409,381,11,Morning,Line 1
PRD0218,2025-01-20 00:00:00,P012,277,262,2,Evening,Line 5
PRD0009,2025-01-20 00:00:00,P003,100,94,2,Evening,Line 2
PRD0318,2025-01-22 00:00:00,P004,284,275,9,Morning,Line 1
PRD0184,2025-01-23 00:00:00,P003,141,133,1,Evening,Line 2
PRD0170,2025-01-23 00:00:00,P003,343,330,9,Night,Line 2
PRD0419,2025-01-23 00:00:00,P008,499,482,15,Evening,Line 1
PRD0483,2025-01-24 00:00:00,P002,113,110,2,Evening,Line 1
PRD0404,2025-01-27 00:00:00,P012,175,173,1,Evening,Line 5
PRD0312,2025-01-27 00:00:00,P006,416,397,3,Evening,Line 1
PRD0006,2025-01-28 00:00:00,P002,414,382,10,Morning,Line 1
PRD0120,2025-01-29 00:00:00,P009,241,227,6,Night,Line 4
PRD0402,2025-01-29 00:00:00,P005,191,181,3,Morning,Line 2
PRD0374,2025-01-29 00:00:00,P010,343,337,6,Night,Line 4
PRD0342,2025-01-30 00:00:00,P004,458,452,2,Evening,Line 1
PRD0163,2025-01-31 00:00:00,P005,305,286,5,Night,Line 2
PRD0294,2025-01-31 00:00:00,P011,127,123,2,Morning,Line 5
PRD0353,2025-02-02 00:00:00,P011,409,382,7,Morning,Line 5
PRD0375,2025-02-05 00:00:00,P005,437,408,9,Evening,Line 2
PRD0141,2025-02-05 00:00:00,P002,88,82,1,Evening,Line 1
PRD0292,2025-02-05 00:00:00,P002,233,222,5,Morning,Line 1
PRD0074,2025-02-07 00:00:00,P003,175,165,2,Evening,Line 2
PRD0390,2025-02-08 00:00:00,P003,100,93,1,Evening,Line 2
PRD0138,2025-02-09 00:00:00,P009,311,299,10,Morning,Line 4
PRD0211,2025-02-12 00:00:00,P010,258,244,5,Morning,Line 4
PRD0037,2025-02-12 00:00:00,P005,210,194,4,Morning,Line 2
PRD0150,2025-02-12 00:00:00,P007,229,219,6,Evening,Line 1
PRD0004,2025-02-12 00:00:00,P009,319,301,3,Morning,Line 4
PRD0333,2025-02-13 00:00:00,P007,494,471,9,Morning,Line 1
PRD0455,2025-02-13 00:00:00,P005,370,356,11,Evening,Line 2
PRD0445,2025-02-15 00:00:00,P009,117,110,2,Evening,Line 4
PRD0428,2025-02-16 00:00:00,P005,415,390,7,Evening,Line 2
PRD0203,2025-02-17 00:00:00,P011,298,289,5,Evening,Line 5
PRD0126,2025-02-17 00:00:00,P004,352,328,5,Night,Line 1
PRD0284,2025-02-18 00:00:00,P006,356,335,3,Morning,Line 1
PRD0317,2025-02-19 00:00:00,P008,341,322,3,Morning,Line 1
PRD0304,2025-02-19 00:00:00,P010,356,326,12,Morning,Line 4
PRD0034,2025-02-20 00:00:00,P003,415,402,6,Evening,Line 2
PRD0158,2025-02-22 00:00:00,P012,253,246,2,Night,Line 5
PRD0311,2025-02-24 00:00:00,P002,94,86,3,Night,Line 1
PRD0144,2025-02-24 00:00:00,P008,348,321,11,Evening,Line 1
PRD0057,2025-02-24 00:00:00,P008,318,307,6,Morning,Line 1
PRD0137,2025-02-25 00:00:00,P003,331,308,11,Morning,Line 2
PRD0408,2025-02-26 00:00:00,P007,281,270,5,Morning,Line 1
PRD0162,2025-02-27 00:00:00,P010,371,362,5,Evening,Line 4
PRD0209,2025-02-28 00:00:00,P001,338,313,5,Evening,Line 1
PRD0479,2025-03-01 00:00:00,P006,274,266,3,Evening,Line 1
PRD0236,2025-03-02 00:00:00,P012,342,317,7,Night,Line 5
PRD0235,2025-03-04 00:00:00,P006,121,115,2,Evening,Line 1
PRD0068,2025-03-04 00:00:00,P005,348,325,4,Morning,Line 2
PRD0429,2025-03-05 00:00:00,P005,270,263,5,Morning,Line 2
PRD0492,2025-03-05 00:00:00,P011,350,339,4,Morning,Line 5
PRD0303,2025-03-06 00:00:00,P006,458,450,6,Evening,Line 1
PRD0349,2025-03-07 00:00:00,P001,203,191,4,Morning,Line 1
PRD0171,2025-03-07 00:00:00,P009,213,205,2,Evening,Line 4
PRD0078,2025-03-08 00:00:00,P005,229,220,1,Morning,Line 2
PRD0416,2025-03-08 00:00:00,P010,369,356,3,Morning,Line 4
PRD0321,2025-03-10 00:00:00,P011,425,404,7,Morning,Line 5
PRD0410,2025-03-10 00:00:00,P003,318,305,4,Morning,Line 2
PRD0079,2025-03-10 00:00:00,P008,228,218,5,Morning,Line 1
PRD0345,2025-03-10 00:00:00,P011,289,281,4,Evening,Line 5
PRD0279,2025-03-10 00:00:00,P001,147,134,5,Night,Line 1
PRD0038,2025-03-11 00:00:00,P002,192,177,4,Morning,Line 1
PRD0237,2025-03-11 00:00:00,P005,177,166,6,Morning,Line 2
PRD0359,2025-03-12 00:00:00,P001,87,85,1,Evening,Line 1
PRD0155,2025-03-13 00:00:00,P001,465,430,8,Morning,Line 1
PRD0016,2025-03-15 00:00:00,P012,205,192,6,Night,Line 5
PRD0437,2025-03-15 00:00:00,P008,287,273,8,Morning,Line 1
PRD0066,2025-03-17 00:00:00,P004,182,171,2,Morning,Line 1
PRD0215,2025-03-17 00:00:00,P002,340,320,3,Evening,Line 1
PRD0323,2025-03-19 00:00:00,P009,171,166,2,Morning,Line 4
PRD0040,2025-03-20 00:00:00,P005,266,248,5,Evening,Line 2
PRD0277,2025-03-23 00:00:00,P009,425,410,5,Evening,Line 4
PRD0135,2025-03-25 00:00:00,P008,227,213,5,Night,Line 1
PRD0246,2025-03-26 00:00:00,P002,480,458,7,Night,Line 1
PRD0241,2025-03-27 00:00:00,P004,445,440,2,Evening,Line 1
PRD0412,2025-03-27 00:00:00,P003,207,195,5,Morning,Line 2
PRD0227,2025-03-29 00:00:00,P009,406,391,10,Morning,Line 4
PRD0130,2025-03-30 00:00:00,P012,123,116,1,Night,Line 5
PRD0500,2025-04-01 00:00:00,P003,181,169,1,Night,Line 2
PRD0028,2025-04-01 00:00:00,P004,355,348,5,Morning,Line 1
PRD0290,2025-04-02 00:00:00,P003,372,353,9,Night,Line 2
PRD0432,2025-04-03 00:00:00,P008,494,479,3,Morning,Line 1
PRD0238,2025-04-03 00:00:00,P002,213,201,2,Evening,Line 1
PRD0425,2025-04-03 00:00:00,P002,253,237,2,Evening,Line 1
PRD0156,2025-04-04 00:00:00,P004,275,253,6,Night,Line 1
PRD0161,2025-04-04 00:00:00,P007,473,451,15,Morning,Line 1
PRD0188,2025-04-05 00:00:00,P001,427,415,11,Morning,Line 1
PRD0286,2025-04-08 00:00:00,P012,300,289,7,Morning,Line 5
PRD0482,2025-04-10 00:00:00,P012,284,275,7,Night,Line 5
PRD0180,2025-04-11 00:00:00,P011,155,148,1,Evening,Line 5
PRD0475,2025-04-12 00:00:00,P010,469,453,5,Evening,Line 4
PRD0098,2025-04-13 00:00:00,P007,443,419,2,Morning,Line 1
PRD0104,2025-04-13 00:00:00,P009,224,214,6,Night,Line 4
PRD0289,2025-04-13 00:00:00,P005,125,117,1,Evening,Line 2
PRD0426,2025-04-14 00:00:00,P003,181,173,4,Night,Line 2
PRD0336,2025-04-14 00:00:00,P005,151,143,5,Morning,Line 2
PRD0115,2025-04-15 00:00:00,P001,491,468,8,Morning,Line 1
PRD0313,2025-04-15 00:00:00,P001,422,405,10,Evening,Line 1
PRD0406,2025-04-16 00:00:00,P001,340,320,8,Evening,Line 1
PRD0245,2025-04-18 00:00:00,P002,422,397,4,Morning,Line 1
PRD0397,2025-04-18 00:00:00,P003,189,178,3,Evening,Line 2
PRD0271,2025-04-20 00:00:00,P002,160,151,4,Morning,Line 1
PRD0129,2025-04-20 00:00:00,P009,340,327,5,Morning,Line 4
PRD0356,2025-04-21 00:00:00,P011,275,260,4,Morning,Line 5
PRD0117,2025-04-21 00:00:00,P009,458,422,16,Morning,Line 4
PRD0368,2025-04-21 00:00:00,P003,264,241,9,Evening,Line 2
PRD0103,2025-04-21 00:00:00,P009,111,106,2,Morning,Line 4
PRD0395,2025-04-21 00:00:00,P010,431,415,10,Evening,Line 4
PRD0394,2025-04-22 00:00:00,P001,136,132,2,Evening,Line 1
PRD0367,2025-04-22 00:00:00,P008,497,475,10,Evening,Line 1
PRD0112,2025-04-25 00:00:00,P002,456,449,2,Morning,Line 1
PRD0223,2025-04-25 00:00:00,P009,311,288,6,Evening,Line 4
PRD0062,2025-04-27 00:00:00,P002,240,221,5,Night,Line 1
PRD0399,2025-04-27 00:00:00,P007,459,436,13,Morning,Line 1
PRD0175,2025-04-30 00:00:00,P002,265,257,3,Morning,Line 1
PRD0015,2025-04-30 00:00:00,P005,248,233,8,Morning,Line 2
PRD0334,2025-05-01 00:00:00,P012,459,416,16,Evening,Line 5
PRD0177,2025-05-01 00:00:00,P006,97,94,0,Evening,Line 1
PRD0418,2025-05-02 00:00:00,P012,476,457,9,Morning,Line 5
PRD0133,2025-05-04 00:00:00,P010,383,355,9,Morning,Line 4
PRD0341,2025-05-05 00:00:00,P002,293,279,10,Morning,Line 1
PRD0031,2025-05-05 00:00:00,P005,98,93,1,Evening,Line 2
PRD0125,2025-05-06 00:00:00,P006,441,407,14,Evening,Line 1
PRD0214,2025-05-06 00:00:00,P008,93,91,1,Evening,Line 1
PRD0444,2025-05-07 00:00:00,P012,440,402,12,Night,Line 5
PRD0176,2025-05-07 00:00:00,P012,209,195,3,Night,Line 5
PRD0056,2025-05-08 00:00:00,P006,348,329,5,Morning,Line 1
PRD0282,2025-05-09 00:00:00,P009,164,156,5,Morning,Line 4
PRD0378,2025-05-11 00:00:00,P003,476,468,6,Morning,Line 2
PRD0347,2025-05-11 00:00:00,P002,97,94,1,Evening,Line 1
PRD0064,2025-05-11 00:00:00,P003,136,129,4,Morning,Line 2
PRD0386,2025-05-11 00:00:00,P003,376,363,9,Evening,Line 2
PRD0485,2025-05-11 00:00:00,P005,382,364,6,Evening,Line 2
PRD0301,2025-05-13 00:00:00,P004,304,279,9,Morning,Line 1
PRD0309,2025-05-14 00:00:00,P012,463,446,5,Evening,Line 5
PRD0230,2025-05-16 00:00:00,P002,278,273,1,Evening,Line 1
PRD0032,2025-05-16 00:00:00,P010,297,269,10,Evening,Line 4
PRD0229,2025-05-16 00:00:00,P006,213,203,6,Morning,Line 1
PRD0491,2025-05-16 00:00:00,P009,182,177,3,Evening,Line 4
PRD0451,2025-05-17 00:00:00,P001,103,100,3,Morning,Line 1
PRD0061,2025-05-18 00:00:00,P004,390,363,7,Evening,Line 1
PRD0019,2025-05-20 00:00:00,P012,335,321,10,Evening,Line 5
PRD0308,2025-05-20 00:00:00,P010,295,284,3,Evening,Line 4
PRD0165,2025-05-20 00:00:00,P007,274,258,9,Night,Line 1
PRD0219,2025-05-20 00:00:00,P004,175,164,4,Evening,Line 1
PRD0484,2025-05-21 00:00:00,P010,197,187,3,Morning,Line 4
PRD0392,2025-05-23 00:00:00,P004,214,204,3,Evening,Line 1
PRD0183,2025-05-25 00:00:00,P005,100,93,2,Morning,Line 2
PRD0389,2025-05-25 00:00:00,P012,92,87,2,Morning,Line 5
PRD0243,2025-05-26 00:00:00,P008,197,185,1,Morning,Line 1
PRD0008,2025-05-26 00:00:00,P005,176,161,6,Night,Line 2
PRD0477,2025-05-28 00:00:00,P008,296,278,8,Night,Line 1
PRD0097,2025-05-28 00:00:00,P012,479,454,9,Evening,Line 5
PRD0205,2025-05-29 00:00:00,P005,323,308,9,Night,Line 2
PRD0322,2025-05-29 00:00:00,P003,192,183,1,Evening,Line 2
PRD0338,2025-05-29 00:00:00,P003,286,262,8,Evening,Line 2
PRD0461,2025-05-30 00:00:00,P005,410,394,7,Morning,Line 2
PRD0470,2025-05-31 00:00:00,P005,290,281,5,Night,Line 2
PRD0069,2025-06-01 00:00:00,P004,141,136,3,Evening,Line 1
PRD0398,2025-06-03 00:00:00,P006,288,270,10,Night,Line 1
PRD0012,2025-06-03 00:00:00,P008,252,240,9,Morning,Line 1
PRD0337,2025-06-03 00:00:00,P004,284,273,7,Night,Line 1
PRD0123,2025-06-04 00:00:00,P003,308,306,2,Morning,Line 2
PRD0354,2025-06-05 00:00:00,P007,244,231,7,Morning,Line 1
PRD0166,2025-06-05 00:00:00,P011,339,328,9,Morning,Line 5
PRD0148,2025-06-06 00:00:00,P001,369,360,1,Evening,Line 1
PRD0050,2025-06-07 00:00:00,P003,209,203,4,Night,Line 2
PRD0030,2025-06-08 00:00:00,P012,108,100,2,Morning,Line 5
PRD0260,2025-06-08 00:00:00,P011,363,348,10,Morning,Line 5
PRD0252,2025-06-08 00:00:00,P001,139,134,2,Morning,Line 1
PRD0240,2025-06-09 00:00:00,P008,285,277,8,Evening,Line 1
PRD0014,2025-06-10 00:00:00,P008,175,172,3,Evening,Line 1
PRD0239,2025-06-10 00:00:00,P004,159,151,3,Evening,Line 1
PRD0076,2025-06-10 00:00:00,P003,415,385,7,Night,Line 2
PRD0131,2025-06-12 00:00:00,P002,391,374,13,Morning,Line 1
PRD0200,2025-06-12 00:00:00,P010,458,428,10,Morning,Line 4
PRD0233,2025-06-13 00:00:00,P005,217,211,6,Evening,Line 2
PRD0269,2025-06-14 00:00:00,P011,382,370,5,Morning,Line 5
PRD0248,2025-06-14 00:00:00,P010,425,401,3,Evening,Line 4
PRD0224,2025-06-14 00:00:00,P010,462,455,2,Morning,Line 4
PRD0457,2025-06-14 00:00:00,P002,216,202,5,Morning,Line 1
PRD0086,2025-06-15 00:00:00,P003,366,346,4,Evening,Line 2
PRD0328,2025-06-15 00:00:00,P005,446,423,9,Morning,Line 2
PRD0339,2025-06-15 00:00:00,P010,104,97,2,Evening,Line 4
PRD0401,2025-06-16 00:00:00,P003,487,465,16,Evening,Line 2
PRD0196,2025-06-16 00:00:00,P006,347,329,8,Evening,Line 1
PRD0192,2025-06-17 00:00:00,P012,255,239,5,Morning,Line 5
PRD0344,2025-06-17 00:00:00,P010,467,455,10,Night,Line 4
PRD0471,2025-06-17 00:00:00,P006,186,179,1,Morning,Line 1
PRD0258,2025-06-18 00:00:00,P010,467,444,16,Evening,Line 4
PRD0329,2025-06-19 00:00:00,P002,196,184,4,Evening,Line 1
PRD0346,2025-06-19 00:00:00,P002,367,354,3,Night,Line 1
PRD0041,2025-06-21 00:00:00,P008,332,318,4,Night,Line 1
PRD0003,2025-06-21 00:00:00,P003,384,380,2,Morning,Line 2
PRD0139,2025-06-22 00:00:00,P004,405,383,12,Morning,Line 1
PRD0085,2025-06-25 00:00:00,P002,252,246,4,Morning,Line 1
PRD0208,2025-06-26 00:00:00,P007,354,333,7,Morning,Line 1
PRD0042,2025-06-26 00:00:00,P003,187,183,2,Evening,Line 2
PRD0498,2025-06-26 00:00:00,P003,472,442,12,Evening,Line 2
PRD0052,2025-06-26 00:00:00,P003,197,180,6,Evening,Line 2
PRD0447,2025-06-27 00:00:00,P004,210,205,2,Morning,Line 1
PRD0179,2025-06-27 00:00:00,P004,265,257,1,Evening,Line 1
PRD0043,2025-06-28 00:00:00,P003,381,370,6,Morning,Line 2
PRD0084,2025-06-28 00:00:00,P009,284,265,10,Evening,Line 4
PRD0225,2025-06-29 00:00:00,P003,371,362,8,Morning,Line 2
PRD0409,2025-06-29 00:00:00,P011,110,109,1,Evening,Line 5
PRD0039,2025-06-30 00:00:00,P012,493,458,15,Morning,Line 5
PRD0092,2025-07-01 00:00:00,P008,429,411,11,Night,Line 1
PRD0020,2025-07-02 00:00:00,P012,200,187,6,Morning,Line 5
PRD0253,2025-07-03 00:00:00,P004,90,86,2,Morning,Line 1
PRD0335,2025-07-03 00:00:00,P007,150,144,5,Evening,Line 1
PRD0168,2025-07-04 00:00:00,P011,172,164,2,Evening,Line 5
PRD0460,2025-07-04 00:00:00,P004,445,432,4,Night,Line 1
PRD0070,2025-07-05 00:00:00,P003,203,197,1,Morning,Line 2
PRD0305,2025-07-06 00:00:00,P007,133,125,2,Evening,Line 1
PRD0270,2025-07-07 00:00:00,P011,174,160,5,Morning,Line 5
PRD0249,2025-07-07 00:00:00,P009,240,230,2,Evening,Line 4
PRD0488,2025-07-07 00:00:00,P008,387,363,4,Evening,Line 1
PRD0391,2025-07-08 00:00:00,P011,363,334,11,Night,Line 5
PRD0459,2025-07-08 00:00:00,P003,349,336,3,Evening,Line 2
PRD0442,2025-07-09 00:00:00,P005,299,291,2,Morning,Line 2
PRD0331,2025-07-10 00:00:00,P002,264,252,1,Evening,Line 1
PRD0382,2025-07-10 00:00:00,P012,495,459,12,Evening,Line 5
PRD0427,2025-07-11 00:00:00,P011,346,329,4,Morning,Line 5
PRD0094,2025-07-12 00:00:00,P008,253,250,1,Morning,Line 1
PRD0021,2025-07-13 00:00:00,P008,175,170,2,Morning,Line 1
PRD0319,2025-07-14 00:00:00,P010,137,126,3,Evening,Line 4
PRD0439,2025-07-15 00:00:00,P005,277,266,9,Morning,Line 2
PRD0376,2025-07-16 00:00:00,P011,415,379,14,Morning,Line 5
PRD0073,2025-07-16 00:00:00,P007,326,320,2,Night,Line 1
PRD0143,2025-07-17 00:00:00,P011,245,230,7,Night,Line 5
PRD0010,2025-07-17 00:00:00,P012,183,178,1,Morning,Line 5
PRD0360,2025-07-17 00:00:00,P002,170,158,5,Morning,Line 1
PRD0202,2025-07-18 00:00:00,P008,275,264,7,Evening,Line 1
PRD0207,2025-07-19 00:00:00,P008,429,406,12,Night,Line 1
PRD0480,2025-07-19 00:00:00,P001,342,325,6,Evening,Line 1
PRD0325,2025-07-20 00:00:00,P006,356,331,12,Evening,Line 1
PRD0431,2025-07-21 00:00:00,P011,311,303,7,Evening,Line 5
PRD0473,2025-07-21 00:00:00,P006,156,150,5,Night,Line 1
PRD0330,2025-07-21 00:00:00,P002,133,126,3,Morning,Line 1
PRD0486,2025-07-22 00:00:00,P001,449,429,11,Morning,Line 1
PRD0327,2025-07-23 00:00:00,P002,221,214,2,Night,Line 1
PRD0149,2025-07-24 00:00:00,P011,425,399,7,Morning,Line 5
PRD0362,2025-07-26 00:00:00,P010,104,99,3,Morning,Line 4
PRD0385,2025-07-26 00:00:00,P001,425,410,2,Morning,Line 1
PRD0446,2025-07-27 00:00:00,P012,150,143,2,Evening,Line 5
PRD0454,2025-07-27 00:00:00,P003,296,280,4,Morning,Line 2
PRD0114,2025-07-27 00:00:00,P012,364,356,5,Evening,Line 5
PRD0497,2025-07-28 00:00:00,P002,415,389,13,Night,Line 1
PRD0053,2025-07-28 00:00:00,P007,427,407,10,Morning,Line 1
PRD0090,2025-07-29 00:00:00,P006,205,186,7,Evening,Line 1
PRD0452,2025-07-29 00:00:00,P002,351,347,1,Evening,Line 1
PRD0244,2025-07-30 00:00:00,P010,339,337,1,Morning,Line 4
PRD0370,2025-07-31 00:00:00,P010,284,267,6,Morning,Line 4
PRD0132,2025-08-01 00:00:00,P008,182,174,1,Morning,Line 1
PRD0407,2025-08-01 00:00:00,P010,164,160,2,Morning,Line 4
PRD0450,2025-08-01 00:00:00,P001,137,128,4,Morning,Line 1
PRD0089,2025-08-02 00:00:00,P012,346,332,3,Morning,Line 5
PRD0222,2025-08-02 00:00:00,P002,485,456,13,Night,Line 1
PRD0380,2025-08-02 00:00:00,P010,470,460,3,Evening,Line 4
PRD0029,2025-08-02 00:00:00,P006,401,382,3,Morning,Line 1
PRD0324,2025-08-03 00:00:00,P011,252,240,8,Morning,Line 5
PRD0310,2025-08-05 00:00:00,P004,214,203,4,Morning,Line 1
PRD0285,2025-08-07 00:00:00,P004,193,182,5,Evening,Line 1
PRD0178,2025-08-07 00:00:00,P007,327,316,5,Morning,Line 1
PRD0045,2025-08-08 00:00:00,P006,329,318,3,Night,Line 1
PRD0453,2025-08-08 00:00:00,P007,466,447,15,Morning,Line 1
PRD0080,2025-08-08 00:00:00,P010,327,309,1,Morning,Line 4
PRD0051,2025-08-08 00:00:00,P006,84,81,2,Evening,Line 1
PRD0262,2025-08-08 00:00:00,P001,256,238,6,Morning,Line 1
PRD0091,2025-08-08 00:00:00,P003,196,186,1,Evening,Line 2
PRD0216,2025-08-09 00:00:00,P010,128,123,1,Evening,Line 4
PRD0102,2025-08-10 00:00:00,P006,90,86,3,Evening,Line 1
PRD0413,2025-08-11 00:00:00,P006,89,86,1,Morning,Line 1
PRD0283,2025-08-11 00:00:00,P009,430,423,3,Night,Line 4
PRD0403,2025-08-12 00:00:00,P003,442,418,13,Evening,Line 2
PRD0379,2025-08-12 00:00:00,P003,262,255,2,Morning,Line 2
PRD0358,2025-08-13 00:00:00,P005,137,131,1,Morning,Line 2
PRD0210,2025-08-14 00:00:00,P006,160,150,1,Morning,Line 1
PRD0458,2025-08-14 00:00:00,P002,273,254,8,Evening,Line 1
PRD0369,2025-08-15 00:00:00,P003,245,231,4,Evening,Line 2
PRD0048,2025-08-15 00:00:00,P004,150,146,1,Evening,Line 1
PRD0293,2025-08-16 00:00:00,P003,101,99,0,Evening,Line 2
PRD0476,2025-08-16 00:00:00,P011,396,378,8,Morning,Line 5
PRD0217,2025-08-17 00:00:00,P007,438,426,3,Morning,Line 1
PRD0265,2025-08-17 00:00:00,P012,497,489,2,Night,Line 5
PRD0468,2025-08-17 00:00:00,P002,186,183,3,Evening,Line 1
PRD0122,2025-08-18 00:00:00,P005,435,415,11,Morning,Line 2
PRD0027,2025-08-18 00:00:00,P002,141,136,2,Morning,Line 1
PRD0430,2025-08-19 00:00:00,P005,330,318,4,Evening,Line 2
PRD0191,2025-08-20 00:00:00,P009,379,372,6,Night,Line 4
PRD0054,2025-08-21 00:00:00,P004,455,431,3,Evening,Line 1
PRD0383,2025-08-22 00:00:00,P008,411,382,7,Evening,Line 1
PRD0400,2025-08-24 00:00:00,P006,127,127,0,Evening,Line 1
PRD0096,2025-08-24 00:00:00,P012,195,192,2,Night,Line 5
PRD0306,2025-08-26 00:00:00,P008,349,337,7,Night,Line 1
PRD0044,2025-08-26 00:00:00,P004,261,246,3,Evening,Line 1
PRD0421,2025-08-26 00:00:00,P004,338,324,11,Evening,Line 1
PRD0007,2025-08-26 00:00:00,P005,246,237,8,Morning,Line 2
PRD0348,2025-08-27 00:00:00,P007,499,468,6,Evening,Line 1
PRD0420,2025-08-27 00:00:00,P006,472,467,5,Morning,Line 1
PRD0267,2025-08-28 00:00:00,P006,355,334,2,Morning,Line 1
PRD0300,2025-08-29 00:00:00,P001,122,119,1,Morning,Line 1
PRD0119,2025-08-30 00:00:00,P005,396,383,13,Evening,Line 2
PRD0314,2025-08-30 00:00:00,P001,494,471,15,Night,Line 1
PRD0422,2025-09-01 00:00:00,P006,155,145,1,Evening,Line 1
PRD0250,2025-09-01 00:00:00,P009,369,358,3,Morning,Line 4
PRD0081,2025-09-03 00:00:00,P012,205,198,6,Morning,Line 5
PRD0266,2025-09-03 00:00:00,P012,304,288,9,Evening,Line 5
PRD0434,2025-09-04 00:00:00,P011,179,177,2,Evening,Line 5
PRD0087,2025-09-04 00:00:00,P012,216,205,4,Evening,Line 5
PRD0247,2025-09-06 00:00:00,P007,207,195,5,Evening,Line 1
PRD0467,2025-09-06 00:00:00,P007,129,126,2,Evening,Line 1
PRD0371,2025-09-06 00:00:00,P003,304,293,9,Morning,Line 2
PRD0251,2025-09-07 00:00:00,P004,258,252,6,Morning,Line 1
PRD0013,2025-09-11 00:00:00,P010,184,179,4,Evening,Line 4
PRD0365,2025-09-12 00:00:00,P012,108,102,1,Morning,Line 5
PRD0001,2025-09-12 00:00:00,P010,287,278,4,Night,Line 4
PRD0106,2025-09-12 00:00:00,P002,347,329,3,Morning,Line 1
PRD0228,2025-09-12 00:00:00,P011,281,256,8,Morning,Line 5
PRD0272,2025-09-14 00:00:00,P005,357,341,8,Evening,Line 2
PRD0005,2025-09-15 00:00:00,P004,419,392,3,Morning,Line 1
PRD0474,2025-09-15 00:00:00,P012,121,115,2,Morning,Line 5
PRD0396,2025-09-16 00:00:00,P009,148,144,1,Evening,Line 4
PRD0443,2025-09-16 00:00:00,P007,485,453,12,Evening,Line 1
PRD0231,2025-09-18 00:00:00,P011,393,388,1,Morning,Line 5
PRD0496,2025-09-18 00:00:00,P005,375,359,12,Evening,Line 2
PRD0173,2025-09-18 00:00:00,P003,104,100,0,Morning,Line 2
PRD0357,2025-09-19 00:00:00,P004,455,444,7,Morning,Line 1
PRD0387,2025-09-19 00:00:00,P002,84,79,1,Evening,Line 1
PRD0264,2025-09-20 00:00:00,P004,318,298,11,Evening,Line 1
PRD0350,2025-09-20 00:00:00,P012,255,245,4,Morning,Line 5
PRD0424,2025-09-21 00:00:00,P011,318,306,6,Morning,Line 5
PRD0186,2025-09-21 00:00:00,P008,318,305,8,Morning,Line 1
PRD0316,2025-09-22 00:00:00,P005,304,302,2,Morning,Line 2
PRD0011,2025-09-22 00:00:00,P006,112,105,4,Morning,Line 1
PRD0388,2025-09-24 00:00:00,P011,136,126,2,Evening,Line 5
PRD0146,2025-09-24 00:00:00,P001,500,491,7,Night,Line 1
PRD0109,2025-09-26 00:00:00,P003,229,212,5,Evening,Line 2
PRD0105,2025-09-27 00:00:00,P002,379,366,1,Evening,Line 1
PRD0464,2025-09-29 00:00:00,P002,347,321,10,Evening,Line 1
PRD0448,2025-09-30 00:00:00,P010,111,104,1,Morning,Line 4
PRD0469,2025-09-30 00:00:00,P010,229,213,5,Evening,Line 4
PRD0194,2025-10-01 00:00:00,P003,352,341,9,Night,Line 2
PRD0435,2025-10-03 00:00:00,P012,195,192,3,Evening,Line 5
PRD0232,2025-10-04 00:00:00,P010,190,174,6,Morning,Line 4
PRD0151,2025-10-05 00:00:00,P007,207,201,4,Evening,Line 1
PRD0046,2025-10-05 00:00:00,P005,403,383,2,Night,Line 2
PRD0157,2025-10-05 00:00:00,P004,213,204,7,Morning,Line 1
PRD0242,2025-10-06 00:00:00,P002,320,293,9,Night,Line 1
PRD0152,2025-10-06 00:00:00,P010,163,152,2,Night,Line 4
PRD0181,2025-10-07 00:00:00,P009,263,243,5,Night,Line 4
PRD0295,2025-10-09 00:00:00,P005,390,368,13,Evening,Line 2
PRD0297,2025-10-11 00:00:00,P007,403,382,7,Morning,Line 1
PRD0017,2025-10-11 00:00:00,P010,348,329,11,Morning,Line 4
PRD0254,2025-10-12 00:00:00,P002,323,310,3,Evening,Line 1
PRD0035,2025-10-12 00:00:00,P010,460,430,14,Evening,Line 4
PRD0058,2025-10-13 00:00:00,P004,263,255,8,Morning,Line 1
PRD0355,2025-10-17 00:00:00,P011,167,162,1,Morning,Line 5
PRD0026,2025-10-17 00:00:00,P002,373,356,12,Morning,Line 1
PRD0093,2025-10-17 00:00:00,P005,198,189,2,Morning,Line 2
PRD0423,2025-10-17 00:00:00,P011,300,296,2,Night,Line 5
PRD0113,2025-10-18 00:00:00,P004,188,177,3,Evening,Line 1
PRD0204,2025-10-18 00:00:00,P004,376,359,6,Morning,Line 1
PRD0025,2025-10-18 00:00:00,P001,132,123,2,Evening,Line 1
PRD0212,2025-10-18 00:00:00,P004,397,376,3,Morning,Line 1
PRD0193,2025-10-18 00:00:00,P003,250,234,9,Morning,Line 2
PRD0088,2025-10-20 00:00:00,P001,186,179,6,Evening,Line 1
PRD0160,2025-10-20 00:00:00,P009,315,300,5,Morning,Line 4
PRD0499,2025-10-20 00:00:00,P002,424,410,6,Evening,Line 1
PRD0198,2025-10-21 00:00:00,P007,308,289,9,Night,Line 1
PRD0023,2025-10-21 00:00:00,P011,416,404,5,Morning,Line 5
PRD0099,2025-10-21 00:00:00,P004,225,211,7,Morning,Line 1
PRD0373,2025-10-22 00:00:00,P011,173,163,4,Morning,Line 5
PRD0326,2025-10-23 00:00:00,P009,372,360,7,Evening,Line 4
PRD0101,2025-10-23 00:00:00,P007,452,413,15,Evening,Line 1
PRD0351,2025-10-25 00:00:00,P004,113,105,3,Morning,Line 1
PRD0478,2025-10-25 00:00:00,P006,376,370,3,Evening,Line 1
PRD0276,2025-10-27 00:00:00,P004,432,423,5,Morning,Line 1
PRD0259,2025-10-27 00:00:00,P002,287,267,3,Morning,Line 1
PRD0481,2025-10-28 00:00:00,P011,265,248,7,Evening,Line 5
PRD0124,2025-10-29 00:00:00,P009,461,450,7,Morning,Line 4
PRD0226,2025-10-29 00:00:00,P012,174,165,2,Night,Line 5
PRD0287,2025-10-30 00:00:00,P003,422,401,15,Evening,Line 2
PRD0417,2025-11-01 00:00:00,P003,114,108,3,Evening,Line 2
PRD0036,2025-11-02 00:00:00,P010,169,156,6,Night,Line 4
PRD0257,2025-11-02 00:00:00,P004,157,150,5,Evening,Line 1
PRD0414,2025-11-03 00:00:00,P003,242,223,6,Night,Line 2
PRD0169,2025-11-04 00:00:00,P008,458,417,14,Morning,Line 1
PRD0393,2025-11-05 00:00:00,P009,493,486,5,Morning,Line 4
PRD0067,2025-11-05 00:00:00,P011,232,223,7,Evening,Line 5
PRD0213,2025-11-05 00:00:00,P003,324,303,5,Morning,Line 2
PRD0320,2025-11-06 00:00:00,P008,416,404,5,Morning,Line 1
PRD0153,2025-11-06 00:00:00,P012,265,255,1,Morning,Line 5
PRD0174,2025-11-07 00:00:00,P007,231,218,7,Evening,Line 1
PRD0298,2025-11-11 00:00:00,P005,361,341,6,Morning,Line 2
PRD0206,2025-11-12 00:00:00,P005,429,419,9,Morning,Line 2
PRD0281,2025-11-12 00:00:00,P003,292,272,5,Evening,Line 2
PRD0172,2025-11-15 00:00:00,P002,279,260,5,Morning,Line 1
PRD0190,2025-11-15 00:00:00,P008,178,170,2,Morning,Line 1
PRD0280,2025-11-16 00:00:00,P008,105,103,1,Night,Line 1
PRD0415,2025-11-17 00:00:00,P011,257,245,5,Morning,Line 5
PRD0364,2025-11-18 00:00:00,P006,201,194,6,Morning,Line 1
PRD0291,2025-11-18 00:00:00,P007,212,202,7,Morning,Line 1
PRD0465,2025-11-19 00:00:00,P004,158,154,3,Morning,Line 1
PRD0142,2025-11-19 00:00:00,P005,311,286,10,Morning,Line 2
PRD0377,2025-11-21 00:00:00,P004,429,401,9,Morning,Line 1
PRD0263,2025-11-22 00:00:00,P002,482,450,11,Evening,Line 1
PRD0363,2025-11-22 00:00:00,P006,291,274,7,Morning,Line 1
PRD0182,2025-11-22 00:00:00,P001,191,180,2,Morning,Line 1
PRD0159,2025-11-24 00:00:00,P001,423,400,15,Evening,Line 1
PRD0489,2025-11-24 00:00:00,P005,314,289,11,Morning,Line 2
PRD0493,2025-11-25 00:00:00,P010,493,468,6,Evening,Line 4
PRD0140,2025-11-26 00:00:00,P007,433,409,7,Morning,Line 1
PRD0187,2025-11-27 00:00:00,P001,243,233,6,Night,Line 1
PRD0108,2025-11-28 00:00:00,P001,423,400,6,Morning,Line 1
PRD0047,2025-11-29 00:00:00,P009,407,382,4,Morning,Line 4
PRD0340,2025-11-30 00:00:00,P009,289,273,10,Morning,Line 4
PRD0472,2025-11-30 00:00:00,P006,364,349,7,Morning,Line 1
PRD0049,2025-11-30 00:00:00,P012,157,153,2,Morning,Line 5
PRD0256,2025-11-30 00:00:00,P004,464,450,4,Night,Line 1
PRD0075,2025-12-01 00:00:00,P005,212,196,4,Morning,Line 2
PRD0275,2025-12-02 00:00:00,P009,491,473,6,Evening,Line 4
PRD0487,2025-12-04 00:00:00,P008,209,196,3,Evening,Line 1
PRD0278,2025-12-05 00:00:00,P005,404,389,9,Morning,Line 2
PRD0189,2025-12-05 00:00:00,P004,386,365,5,Evening,Line 1
PRD0095,2025-12-05 00:00:00,P001,322,298,11,Night,Line 1
PRD0127,2025-12-05 00:00:00,P002,415,403,6,Morning,Line 1
PRD0164,2025-12-06 00:00:00,P012,398,378,11,Morning,Line 5
PRD0185,2025-12-06 00:00:00,P012,247,232,8,Morning,Line 5
PRD0436,2025-12-07 00:00:00,P012,227,216,3,Evening,Line 5
PRD0463,2025-12-08 00:00:00,P007,151,139,4,Morning,Line 1
PRD0302,2025-12-08 00:00:00,P005,262,258,2,Morning,Line 2
PRD0018,2025-12-09 00:00:00,P007,100,97,0,Night,Line 1
PRD0411,2025-12-11 00:00:00,P005,260,250,9,Evening,Line 2
PRD0111,2025-12-11 00:00:00,P011,353,322,11,Morning,Line 5
PRD0128,2025-12-13 00:00:00,P001,353,333,9,Evening,Line 1
PRD0466,2025-12-14 00:00:00,P011,362,352,9,Night,Line 5
PRD0381,2025-12-14 00:00:00,P011,445,429,13,Evening,Line 5
PRD0268,2025-12-14 00:00:00,P003,422,399,10,Morning,Line 2
PRD0071,2025-12-15 00:00:00,P005,221,218,3,Night,Line 2
PRD0274,2025-12-15 00:00:00,P008,122,115,1,Morning,Line 1
PRD0255,2025-12-16 00:00:00,P005,390,379,10,Evening,Line 2
PRD0033,2025-12-17 00:00:00,P009,371,341,8,Evening,Line 4
PRD0110,2025-12-17 00:00:00,P007,149,145,1,Night,Line 1
PRD0296,2025-12-18 00:00:00,P010,98,91,2,Evening,Line 4
PRD0315,2025-12-19 00:00:00,P009,266,248,5,Morning,Line 4
PRD0134,2025-12-19 00:00:00,P002,180,171,4,Morning,Line 1
PRD0145,2025-12-20 00:00:00,P007,102,97,2,Morning,Line 1
PRD0195,2025-12-20 00:00:00,P005,435,408,9,Evening,Line 2
PRD0495,2025-12-20 00:00:00,P009,334,329,4,Morning,Line 4
PRD0456,2025-12-20 00:00:00,P011,292,266,10,Evening,Line 5
PRD0440,2025-12-21 00:00:00,P012,232,222,4,Night,Line 5
PRD0449,2025-12-22 00:00:00,P005,447,415,8,Morning,Line 2
PRD0201,2025-12-22 00:00:00,P010,233,220,8,Morning,Line 4
PRD0234,2025-12-22 00:00:00,P001,474,439,9,Morning,Line 1
PRD0299,2025-12-22 00:00:00,P002,274,269,3,Night,Line 1
PRD0288,2025-12-23 00:00:00,P002,118,108,3,Night,Line 1
PRD0063,2025-12-26 00:00:00,P005,190,182,4,Morning,Line 2
PRD0462,2025-12-26 00:00:00,P010,292,278,7,Evening,Line 4
PRD0167,2025-12-26 00:00:00,P007,208,197,5,Night,Line 1
PRD0072,2025-12-27 00:00:00,P008,170,164,3,Morning,Line 1
PRD0372,2025-12-27 00:00:00,P002,294,279,7,Night,Line 1
PRD0083,2025-12-27 00:00:00,P003,288,268,7,Evening,Line 2
PRD0343,2025-12-28 00:00:00,P002,434,416,11,Morning,Line 1
PRD0438,2025-12-29 00:00:00,P010,297,294,1,Night,Line 4
PRD0221,2025-12-29 00:00:00,P010,183,171,4,Morning,Line 4
PRD0197,2025-12-30 00:00:00,P002,141,138,3,Morning,Line 1
PRD0433,2025-12-31 00:00:00,P012,209,204,4,Evening,Line 5
