Purchase_ID,Purchase_Date,Supplier_ID,Material_ID,Purchase_Quantity,Unit_Cost,Discount_Percent,GST_Percent,Delivery_Status
PUR0575,01/01/2025 00:00,S006,RM005,122,429.99,0,18,Delivered
PUR0463,01/01/2025 00:00,S005,RM014,232,1439.59,3,18,Delivered
PUR0637,01/01/2025 00:00,S017,RM020,80,370.94,0,18,Delivered
PUR0639,01/01/2025 00:00,S016,RM005,439,432.72,3,18,Delivered
PUR0070,02/01/2025 00:00,S027,RM025,389,33.58,2,12,Partial
PUR0112,02/01/2025 00:00,S004,RM021,666,34.31,5,18,Delivered
PUR0118,02/01/2025 00:00,S025,RM024,174,18.22,0,12,Delivered
PUR0437,04/01/2025 00:00,S011,RM011,144,127.92,0,18,Delivered
PUR0595,06/01/2025 00:00,S008,RM012,115,89.87,5,18,Delivered
PUR0650,06/01/2025 00:00,S003,RM021,418,33.8,5,18,Delayed
PUR0191,08/01/2025 00:00,S019,RM014,541,1429.29,5,18,Delayed
PUR0694,08/01/2025 00:00,S005,RM005,286,404.06,5,18,Delayed
PUR0537,08/01/2025 00:00,S028,RM010,289,764.17,0,18,Delivered
PUR0429,09/01/2025 00:00,S003,RM003,150,303.32,0,18,Delivered
PUR0076,11/01/2025 00:00,S026,RM025,222,31.16,5,12,Delivered
PUR0206,12/01/2025 00:00,S007,RM012,270,98.43,10,18,Partial
PUR0170,12/01/2025 00:00,S015,RM011,105,122.68,2,18,Delivered
PUR0365,13/01/2025 00:00,S004,RM003,171,315.81,3,18,Delayed
PUR0060,13/01/2025 00:00,S006,RM018,254,629.04,0,18,Delivered
PUR0153,13/01/2025 00:00,S008,RM014,205,1562.63,3,18,Delivered
PUR0132,14/01/2025 00:00,S013,RM006,155,91.32,0,18,Delivered
PUR0113,15/01/2025 00:00,S004,RM003,184,335.62,10,18,Delivered
PUR0700,15/01/2025 00:00,S020,RM020,222,367.96,5,18,Delivered
PUR0296,15/01/2025 00:00,S028,RM020,225,339.19,5,18,Delivered
PUR0419,15/01/2025 00:00,S009,RM015,162,270.92,0,18,Delivered
PUR0213,16/01/2025 00:00,S001,RM006,150,90.14,3,18,Delivered
PUR0165,17/01/2025 00:00,S008,RM004,364,241.78,5,18,Delivered
PUR0352,17/01/2025 00:00,S021,RM017,190,207.76,0,18,Delivered
PUR0353,17/01/2025 00:00,S016,RM014,273,1486.91,5,18,Delivered
PUR0036,17/01/2025 00:00,S002,RM021,198,33.65,3,18,Delayed
PUR0518,17/01/2025 00:00,S011,RM011,316,131.27,2,18,Delivered
PUR0254,17/01/2025 00:00,S026,RM024,120,19.28,0,12,Delivered
PUR0162,18/01/2025 00:00,S010,RM008,247,44.78,0,18,Delivered
PUR0150,19/01/2025 00:00,S021,RM017,324,214.88,5,18,Delivered
PUR0050,20/01/2025 00:00,S005,RM018,427,634.11,2,18,Delivered
PUR0457,21/01/2025 00:00,S014,RM019,196,185.97,10,18,Delayed
PUR0446,22/01/2025 00:00,S014,RM006,290,82.31,2,18,Delivered
PUR0242,22/01/2025 00:00,S016,RM014,242,1430.14,2,18,Delivered
PUR0443,22/01/2025 00:00,S021,RM017,167,199.42,5,18,Delivered
PUR0230,23/01/2025 00:00,S003,RM021,376,35.48,0,18,Delivered
PUR0553,24/01/2025 00:00,S023,RM013,101,468.26,10,18,Delivered
PUR0347,24/01/2025 00:00,S008,RM014,167,1374.15,0,18,Delayed
PUR0004,24/01/2025 00:00,S016,RM018,238,654.64,5,18,Delivered
PUR0247,25/01/2025 00:00,S025,RM025,306,33.83,0,12,Delayed
PUR0223,25/01/2025 00:00,S019,RM020,115,329.05,7,18,Delivered
PUR0236,26/01/2025 00:00,S011,RM010,164,805.14,0,18,Delivered
PUR0632,26/01/2025 00:00,S014,RM019,309,178.78,5,18,Delivered
PUR0110,28/01/2025 00:00,S019,RM020,130,364.31,5,18,Delayed
PUR0627,28/01/2025 00:00,S007,RM014,140,1477.07,0,18,Delivered
PUR0428,28/01/2025 00:00,S027,RM023,408,67.69,7,12,Delivered
PUR0145,29/01/2025 00:00,S024,RM022,92,51.93,0,18,Delivered
PUR0422,29/01/2025 00:00,S024,RM022,220,54.66,2,18,Delivered
PUR0261,29/01/2025 00:00,S003,RM011,148,131.15,7,18,Delivered
PUR0689,29/01/2025 00:00,S020,RM019,84,198.76,0,18,Delivered
PUR0023,31/01/2025 00:00,S019,RM019,276,189.66,2,18,Delivered
PUR0240,31/01/2025 00:00,S026,RM024,176,16.93,5,12,Delivered
PUR0323,01/02/2025 00:00,S002,RM021,258,33.26,5,18,Delivered
PUR0561,01/02/2025 00:00,S021,RM017,211,222.95,0,18,Delivered
PUR0299,01/02/2025 00:00,S005,RM012,279,94.66,0,18,Delivered
PUR0211,01/02/2025 00:00,S010,RM006,142,86.25,0,18,Delivered
PUR0504,02/02/2025 00:00,S018,RM013,387,472.42,10,18,Delivered
PUR0139,02/02/2025 00:00,S025,RM025,331,30.75,0,12,Delayed
PUR0683,02/02/2025 00:00,S015,RM002,245,187.27,7,18,Delivered
PUR0003,03/02/2025 00:00,S006,RM018,455,638.69,2,18,Delivered
PUR0420,03/02/2025 00:00,S028,RM020,355,366.07,2,18,Delivered
PUR0207,04/02/2025 00:00,S015,RM002,418,187.54,0,18,Delivered
PUR0022,04/02/2025 00:00,S001,RM015,278,270.59,5,18,Delivered
PUR0237,04/02/2025 00:00,S011,RM010,424,751.33,2,18,Delivered
PUR0361,05/02/2025 00:00,S028,RM010,196,757.18,10,18,Delivered
PUR0300,05/02/2025 00:00,S022,RM025,112,32.18,0,12,Delivered
PUR0605,05/02/2025 00:00,S023,RM019,403,186.36,5,18,Delivered
PUR0434,05/02/2025 00:00,S023,RM020,269,358.5,5,18,Delayed
PUR0381,06/02/2025 00:00,S015,RM003,702,316.43,2,18,Delivered
PUR0245,06/02/2025 00:00,S011,RM002,370,189.64,3,18,Partial
PUR0544,06/02/2025 00:00,S008,RM014,670,1486.07,0,18,Delivered
PUR0506,07/02/2025 00:00,S005,RM004,131,250.94,5,18,Delivered
PUR0628,07/02/2025 00:00,S017,RM015,147,254.01,0,18,Delivered
PUR0453,08/02/2025 00:00,S007,RM018,140,612.16,2,18,Delivered
PUR0158,08/02/2025 00:00,S016,RM012,162,101.32,5,18,Delivered
PUR0441,09/02/2025 00:00,S014,RM008,198,43.79,0,18,Delayed
PUR0465,09/02/2025 00:00,S013,RM006,161,83.7,3,18,Delivered
PUR0205,10/02/2025 00:00,S019,RM015,350,274.7,2,18,Delivered
PUR0590,10/02/2025 00:00,S013,RM007,110,111.38,0,18,Delivered
PUR0074,10/02/2025 00:00,S022,RM024,252,19.43,0,12,Delivered
PUR0260,11/02/2025 00:00,S022,RM024,224,18.07,2,12,Delivered
PUR0229,12/02/2025 00:00,S004,RM002,127,184.81,7,18,Delivered
PUR0096,13/02/2025 00:00,S017,RM019,181,188.31,10,18,Delivered
PUR0216,13/02/2025 00:00,S022,RM025,198,30.47,0,12,Delivered
PUR0288,13/02/2025 00:00,S020,RM014,97,1523.98,10,18,Delayed
PUR0071,14/02/2025 00:00,S021,RM017,332,225.37,7,18,Delivered
PUR0640,15/02/2025 00:00,S013,RM019,327,196.72,10,18,Delivered
PUR0147,15/02/2025 00:00,S017,RM013,134,460.86,0,18,Delivered
PUR0080,15/02/2025 00:00,S006,RM004,515,242.55,5,18,Delayed
PUR0020,16/02/2025 00:00,S008,RM014,219,1454.22,0,18,Delayed
PUR0527,16/02/2025 00:00,S004,RM011,674,120.06,3,18,Delivered
PUR0233,16/02/2025 00:00,S017,RM015,344,256.09,0,18,Delayed
PUR0615,19/02/2025 00:00,S019,RM014,332,1452.53,0,18,Delayed
PUR0507,19/02/2025 00:00,S008,RM012,135,90.86,5,18,Delivered
PUR0250,20/02/2025 00:00,S007,RM012,87,91.81,0,18,Delayed
PUR0619,20/02/2025 00:00,S008,RM018,393,643.44,0,18,Delivered
PUR0558,20/02/2025 00:00,S006,RM004,276,232.84,3,18,Delivered
PUR0495,20/02/2025 00:00,S007,RM018,155,657.5,3,18,Partial
PUR0545,21/02/2025 00:00,S027,RM024,121,17.32,5,12,Delivered
PUR0321,21/02/2025 00:00,S017,RM010,262,839.38,7,18,Delivered
PUR0618,22/02/2025 00:00,S015,RM002,192,186.47,10,18,Delivered
PUR0582,22/02/2025 00:00,S025,RM023,170,63.72,0,12,Delivered
PUR0524,22/02/2025 00:00,S025,RM024,115,16.97,0,12,Delivered
PUR0581,23/02/2025 00:00,S023,RM015,278,250.73,0,18,Delivered
PUR0146,23/02/2025 00:00,S019,RM019,633,197.44,0,18,Delayed
PUR0143,24/02/2025 00:00,S016,RM012,653,97.33,2,18,Delivered
PUR0435,24/02/2025 00:00,S007,RM012,187,89.41,5,18,Partial
PUR0531,24/02/2025 00:00,S020,RM020,377,355.14,2,18,Delivered
PUR0183,25/02/2025 00:00,S012,RM009,209,67.06,5,18,Delivered
PUR0375,25/02/2025 00:00,S006,RM004,471,240.8,0,18,Delivered
PUR0692,26/02/2025 00:00,S024,RM022,226,56.03,5,18,Delivered
PUR0006,26/02/2025 00:00,S002,RM011,795,129.45,10,18,Delivered
PUR0326,26/02/2025 00:00,S008,RM012,323,92.58,0,18,Delivered
PUR0203,26/02/2025 00:00,S006,RM018,1147,619.5,7,18,Partial
PUR0085,27/02/2025 00:00,S016,RM005,440,428.79,5,18,Delayed
PUR0243,28/02/2025 00:00,S008,RM014,76,1520.31,3,18,Partial
PUR0026,28/02/2025 00:00,S014,RM019,734,180.8,2,18,Delayed
PUR0142,01/03/2025 00:00,S018,RM015,150,272.53,0,18,Delayed
PUR0460,01/03/2025 00:00,S007,RM005,352,427.92,5,18,Delayed
PUR0135,01/03/2025 00:00,S014,RM008,243,44.92,0,18,Delayed
PUR0042,02/03/2025 00:00,S005,RM014,257,1384.5,2,18,Partial
PUR0490,02/03/2025 00:00,S021,RM017,156,204.42,0,18,Delivered
PUR0169,02/03/2025 00:00,S016,RM012,206,92.67,7,18,Delivered
PUR0322,03/03/2025 00:00,S024,RM022,435,53.33,0,18,Delivered
PUR0589,03/03/2025 00:00,S023,RM020,308,362.18,5,18,Delivered
PUR0497,03/03/2025 00:00,S012,RM009,194,73.06,0,18,Delivered
PUR0201,03/03/2025 00:00,S025,RM024,136,16.94,5,12,Delivered
PUR0062,03/03/2025 00:00,S018,RM019,103,180.85,0,18,Partial
PUR0390,03/03/2025 00:00,S027,RM023,272,68.14,7,12,Delayed
PUR0108,04/03/2025 00:00,S020,RM015,110,255.59,0,18,Delivered
PUR0107,06/03/2025 00:00,S018,RM014,367,1431.79,0,18,Delayed
PUR0292,06/03/2025 00:00,S021,RM017,226,221.27,7,18,Delivered
PUR0555,06/03/2025 00:00,S007,RM018,291,649.18,5,18,Partial
PUR0238,08/03/2025 00:00,S022,RM024,230,18.82,5,12,Delayed
PUR0172,09/03/2025 00:00,S011,RM006,162,89.97,2,18,Delivered
PUR0672,09/03/2025 00:00,S014,RM001,925,619.6,10,18,Delivered
PUR0121,10/03/2025 00:00,S025,RM025,327,30.46,5,12,Delivered
PUR0122,10/03/2025 00:00,S015,RM021,203,34.35,0,18,Delivered
PUR0345,10/03/2025 00:00,S004,RM003,119,338.9,0,18,Delivered
PUR0269,10/03/2025 00:00,S027,RM025,100,30.56,3,12,Delivered
PUR0609,10/03/2025 00:00,S006,RM005,260,425.65,0,18,Delivered
PUR0140,10/03/2025 00:00,S001,RM020,100,330.53,5,18,Delivered
PUR0444,11/03/2025 00:00,S024,RM022,105,57.23,0,18,Delivered
PUR0662,11/03/2025 00:00,S018,RM013,436,458.35,3,18,Delivered
PUR0454,12/03/2025 00:00,S023,RM020,97,334.43,10,18,Delivered
PUR0101,12/03/2025 00:00,S026,RM023,191,62.75,0,12,Delivered
PUR0566,13/03/2025 00:00,S027,RM023,284,69.83,5,12,Delivered
PUR0049,13/03/2025 00:00,S005,RM005,115,403.83,0,18,Delivered
PUR0380,15/03/2025 00:00,S011,RM011,423,129.4,5,18,Delivered
PUR0512,15/03/2025 00:00,S018,RM014,435,1511.4,0,18,Delivered
PUR0265,15/03/2025 00:00,S018,RM019,834,199.9,7,18,Delayed
PUR0021,15/03/2025 00:00,S013,RM015,279,255.54,0,18,Delayed
PUR0417,16/03/2025 00:00,S020,RM014,239,1382,5,18,Delivered
PUR0171,17/03/2025 00:00,S022,RM023,760,69.67,7,12,Delivered
PUR0177,17/03/2025 00:00,S016,RM018,410,604.78,0,18,Delayed
PUR0501,17/03/2025 00:00,S022,RM023,93,62.8,0,12,Delivered
PUR0603,17/03/2025 00:00,S013,RM007,120,118.79,0,18,Delivered
PUR0666,18/03/2025 00:00,S009,RM020,391,344.15,0,18,Delivered
PUR0304,18/03/2025 00:00,S022,RM023,456,69.45,7,12,Delivered
PUR0098,18/03/2025 00:00,S001,RM015,353,263.51,0,18,Delivered
PUR0225,20/03/2025 00:00,S002,RM003,125,327.04,5,18,Delivered
PUR0204,23/03/2025 00:00,S018,RM013,310,460.47,0,18,Delayed
PUR0276,23/03/2025 00:00,S017,RM019,454,182.09,5,18,Delivered
PUR0388,24/03/2025 00:00,S012,RM009,148,69.12,0,18,Delivered
PUR0138,25/03/2025 00:00,S020,RM014,373,1430.14,0,18,Delivered
PUR0483,27/03/2025 00:00,S026,RM025,155,33.06,10,12,Delivered
PUR0198,27/03/2025 00:00,S027,RM025,311,33.86,5,12,Delivered
PUR0117,27/03/2025 00:00,S021,RM017,279,220.95,0,18,Delivered
PUR0308,28/03/2025 00:00,S004,RM021,229,35.36,3,18,Delivered
PUR0065,28/03/2025 00:00,S014,RM010,255,790.27,5,18,Delivered
PUR0673,28/03/2025 00:00,S010,RM008,99,42.55,0,18,Delivered
PUR0095,29/03/2025 00:00,S026,RM023,108,68.63,2,12,Delivered
PUR0387,29/03/2025 00:00,S004,RM021,252,34.24,0,18,Delivered
PUR0280,29/03/2025 00:00,S011,RM002,136,183.07,0,18,Delivered
PUR0128,30/03/2025 00:00,S024,RM022,297,54.18,7,18,Delivered
PUR0536,31/03/2025 00:00,S003,RM021,71,32.95,0,18,Delivered
PUR0532,31/03/2025 00:00,S024,RM022,280,58.28,5,18,Partial
PUR0467,01/04/2025 00:00,S008,RM012,478,89.71,5,18,Delivered
PUR0052,02/04/2025 00:00,S007,RM005,303,428.39,0,18,Delivered
PUR0302,03/04/2025 00:00,S008,RM004,169,230.14,2,18,Delivered
PUR0541,04/04/2025 00:00,S026,RM024,180,17.73,3,12,Delivered
PUR0533,04/04/2025 00:00,S016,RM004,203,231.01,0,18,Delivered
PUR0221,05/04/2025 00:00,S014,RM013,234,479.33,5,18,Delivered
PUR0432,07/04/2025 00:00,S026,RM025,306,31.26,2,12,Delivered
PUR0656,07/04/2025 00:00,S008,RM004,298,259.12,2,18,Delivered
PUR0562,08/04/2025 00:00,S018,RM019,896,184.5,5,18,Delivered
PUR0343,09/04/2025 00:00,S023,RM020,307,344.72,3,18,Delivered
PUR0698,09/04/2025 00:00,S016,RM005,161,414.08,5,18,Delivered
PUR0624,10/04/2025 00:00,S002,RM021,619,33.18,7,18,Delivered
PUR0277,10/04/2025 00:00,S026,RM025,110,30.58,0,12,Delivered
PUR0573,10/04/2025 00:00,S002,RM003,311,314.39,10,18,Delivered
PUR0664,11/04/2025 00:00,S015,RM011,337,118.03,0,18,Delivered
PUR0588,11/04/2025 00:00,S024,RM022,230,57.95,5,18,Delivered
PUR0186,12/04/2025 00:00,S024,RM022,113,52.01,7,18,Delivered
PUR0192,13/04/2025 00:00,S022,RM023,252,67.18,0,12,Delivered
PUR0094,13/04/2025 00:00,S002,RM002,206,177.62,0,18,Delivered
PUR0202,15/04/2025 00:00,S007,RM004,133,251.62,2,18,Partial
PUR0655,17/04/2025 00:00,S022,RM024,138,18.95,5,12,Delivered
PUR0200,17/04/2025 00:00,S009,RM007,225,112.42,0,18,Delivered
PUR0636,18/04/2025 00:00,S026,RM024,613,18.68,0,12,Delivered
PUR0574,19/04/2025 00:00,S024,RM022,103,56.62,5,18,Delayed
PUR0038,19/04/2025 00:00,S027,RM023,257,63.19,5,12,Delivered
PUR0409,19/04/2025 00:00,S016,RM012,141,90.11,0,18,Delivered
PUR0633,20/04/2025 00:00,S018,RM014,95,1426,2,18,Delivered
PUR0494,20/04/2025 00:00,S009,RM007,287,106.02,10,18,Delivered
PUR0032,20/04/2025 00:00,S018,RM015,171,253.72,0,18,Delivered
PUR0124,21/04/2025 00:00,S010,RM006,133,84.25,0,18,Delivered
PUR0405,23/04/2025 00:00,S019,RM020,153,344.42,2,18,Delivered
PUR0337,23/04/2025 00:00,S003,RM021,239,33.72,0,18,Delivered
PUR0487,23/04/2025 00:00,S011,RM010,176,800.28,2,18,Delivered
PUR0037,24/04/2025 00:00,S006,RM005,197,440.51,3,18,Delivered
PUR0606,24/04/2025 00:00,S003,RM021,320,32.96,5,18,Delivered
PUR0289,25/04/2025 00:00,S025,RM023,231,64.76,3,12,Delayed
PUR0283,25/04/2025 00:00,S022,RM023,254,63.58,2,12,Delivered
PUR0403,25/04/2025 00:00,S014,RM008,146,43.28,10,18,Delivered
PUR0425,25/04/2025 00:00,S004,RM002,82,183.66,3,18,Delivered
PUR0028,26/04/2025 00:00,S008,RM004,267,253.36,0,18,Delivered
PUR0227,27/04/2025 00:00,S025,RM023,151,64.38,2,12,Delivered
PUR0184,27/04/2025 00:00,S026,RM024,449,18.75,5,12,Delivered
PUR0660,28/04/2025 00:00,S024,RM022,410,59.12,0,18,Delivered
PUR0433,30/04/2025 00:00,S013,RM008,246,44.22,2,18,Delivered
PUR0174,30/04/2025 00:00,S010,RM007,152,105.88,7,18,Delivered
PUR0007,01/05/2025 00:00,S026,RM024,455,18.1,0,12,Delivered
PUR0614,01/05/2025 00:00,S008,RM012,442,97.23,0,18,Delivered
PUR0104,01/05/2025 00:00,S018,RM013,361,475.84,0,18,Delayed
PUR0548,02/05/2025 00:00,S008,RM014,196,1380.15,3,18,Delivered
PUR0097,02/05/2025 00:00,S012,RM009,104,72.54,2,18,Delivered
PUR0510,03/05/2025 00:00,S003,RM011,196,128.47,5,18,Delivered
PUR0629,03/05/2025 00:00,S025,RM023,262,67.28,0,12,Delivered
PUR0472,03/05/2025 00:00,S013,RM019,460,183.02,2,18,Delivered
PUR0018,04/05/2025 00:00,S007,RM005,97,431.86,0,18,Delivered
PUR0596,04/05/2025 00:00,S014,RM019,156,184.67,5,18,Partial
PUR0464,04/05/2025 00:00,S013,RM010,278,760.48,2,18,Partial
PUR0385,05/05/2025 00:00,S028,RM015,302,250.33,3,18,Delivered
PUR0685,06/05/2025 00:00,S014,RM008,320,43.95,7,18,Delivered
PUR0025,07/05/2025 00:00,S017,RM015,217,265.91,10,18,Delivered
PUR0670,07/05/2025 00:00,S009,RM001,238,682.95,0,18,Delivered
PUR0691,08/05/2025 00:00,S004,RM021,159,36.32,0,18,Delivered
PUR0586,09/05/2025 00:00,S003,RM011,329,129.77,3,18,Delivered
PUR0476,09/05/2025 00:00,S019,RM013,193,510.78,2,18,Delivered
PUR0047,11/05/2025 00:00,S021,RM017,1209,221.41,0,18,Delivered
PUR0279,11/05/2025 00:00,S005,RM014,293,1460.12,0,18,Delivered
PUR0295,13/05/2025 00:00,S017,RM013,122,507.32,0,18,Delivered
PUR0580,14/05/2025 00:00,S021,RM017,251,197.53,7,18,Delivered
PUR0697,15/05/2025 00:00,S018,RM019,191,195.3,0,18,Delivered
PUR0473,16/05/2025 00:00,S018,RM020,435,360.98,7,18,Delivered
PUR0220,16/05/2025 00:00,S024,RM022,195,57.17,0,18,Delivered
PUR0176,16/05/2025 00:00,S011,RM002,464,193.2,10,18,Delivered
PUR0601,16/05/2025 00:00,S018,RM019,836,194,2,18,Partial
PUR0469,16/05/2025 00:00,S003,RM021,177,32.98,5,18,Delivered
PUR0058,19/05/2025 00:00,S010,RM008,204,46.62,10,18,Delayed
PUR0234,19/05/2025 00:00,S001,RM013,183,475.3,2,18,Delivered
PUR0520,19/05/2025 00:00,S011,RM013,191,480.18,0,18,Delivered
PUR0491,20/05/2025 00:00,S027,RM024,458,19.13,7,12,Delivered
PUR0262,20/05/2025 00:00,S003,RM002,87,173.17,10,18,Delivered
PUR0134,21/05/2025 00:00,S004,RM011,143,118.56,0,18,Delivered
PUR0219,21/05/2025 00:00,S014,RM013,107,470.63,3,18,Delivered
PUR0529,21/05/2025 00:00,S012,RM009,278,74.93,10,18,Delivered
PUR0009,22/05/2025 00:00,S024,RM022,395,53.92,0,18,Delivered
PUR0148,22/05/2025 00:00,S004,RM021,234,32.92,10,18,Delivered
PUR0493,22/05/2025 00:00,S015,RM002,145,189.67,2,18,Delayed
PUR0696,23/05/2025 00:00,S013,RM007,163,109.99,5,18,Delayed
PUR0551,24/05/2025 00:00,S007,RM005,76,438.45,3,18,Delivered
PUR0100,24/05/2025 00:00,S013,RM019,263,180.73,2,18,Delivered
PUR0214,24/05/2025 00:00,S003,RM003,253,333.85,5,18,Delivered
PUR0401,26/05/2025 00:00,S001,RM001,236,657.61,5,18,Delivered
PUR0526,26/05/2025 00:00,S009,RM007,105,111.85,0,18,Delayed
PUR0195,26/05/2025 00:00,S028,RM015,320,269.35,2,18,Delayed
PUR0168,27/05/2025 00:00,S027,RM023,62,66.13,7,12,Delivered
PUR0430,27/05/2025 00:00,S022,RM024,709,18.92,3,12,Partial
PUR0625,27/05/2025 00:00,S019,RM013,329,461.56,0,18,Delayed
PUR0447,28/05/2025 00:00,S002,RM003,338,326.92,5,18,Delivered
PUR0379,28/05/2025 00:00,S010,RM010,187,839.84,0,18,Delivered
PUR0424,28/05/2025 00:00,S002,RM002,262,171.22,10,18,Delivered
PUR0287,29/05/2025 00:00,S014,RM010,420,795.24,5,18,Delivered
PUR0161,30/05/2025 00:00,S017,RM013,201,491.64,2,18,Delivered
PUR0088,30/05/2025 00:00,S012,RM009,78,67.93,0,18,Delivered
PUR0333,30/05/2025 00:00,S027,RM024,132,18.25,5,12,Delivered
PUR0523,30/05/2025 00:00,S024,RM022,153,55.99,0,18,Delivered
PUR0593,31/05/2025 00:00,S008,RM018,375,659.13,10,18,Delivered
PUR0067,02/06/2025 00:00,S021,RM017,383,220.17,0,18,Delayed
PUR0307,04/06/2025 00:00,S006,RM012,323,99.21,5,18,Delivered
PUR0674,04/06/2025 00:00,S022,RM025,178,31.42,0,12,Delivered
PUR0686,05/06/2025 00:00,S005,RM018,724,611.18,0,18,Delivered
PUR0634,06/06/2025 00:00,S023,RM015,149,259.31,2,18,Delivered
PUR0294,06/06/2025 00:00,S008,RM004,248,240.13,5,18,Delivered
PUR0014,08/06/2025 00:00,S024,RM022,148,53.5,0,18,Delivered
PUR0303,08/06/2025 00:00,S012,RM016,161,179.26,0,18,Delivered
PUR0550,09/06/2025 00:00,S015,RM003,465,332.56,0,18,Delivered
PUR0355,09/06/2025 00:00,S017,RM015,191,259.47,5,18,Delayed
PUR0368,10/06/2025 00:00,S004,RM002,215,179.64,0,18,Delivered
PUR0318,11/06/2025 00:00,S012,RM016,94,175.39,0,18,Partial
PUR0256,12/06/2025 00:00,S012,RM016,94,170.79,0,18,Delivered
PUR0414,12/06/2025 00:00,S001,RM010,108,812.2,5,18,Delivered
PUR0374,12/06/2025 00:00,S002,RM003,281,325.31,0,18,Partial
PUR0680,13/06/2025 00:00,S018,RM014,233,1507.05,7,18,Delayed
PUR0626,13/06/2025 00:00,S020,RM020,157,369.26,3,18,Partial
PUR0348,14/06/2025 00:00,S003,RM002,351,184.49,2,18,Delivered
PUR0363,14/06/2025 00:00,S014,RM020,125,341.64,10,18,Delivered
PUR0508,15/06/2025 00:00,S009,RM006,177,88.13,3,18,Delayed
PUR0327,15/06/2025 00:00,S019,RM020,291,332.81,0,18,Delivered
PUR0369,15/06/2025 00:00,S020,RM019,374,188.54,0,18,Delivered
PUR0570,15/06/2025 00:00,S010,RM019,146,183.67,3,18,Delivered
PUR0367,15/06/2025 00:00,S008,RM004,163,230.73,0,18,Delivered
PUR0164,15/06/2025 00:00,S010,RM007,117,106.51,3,18,Delivered
PUR0079,16/06/2025 00:00,S028,RM020,445,366.83,5,18,Delivered
PUR0370,16/06/2025 00:00,S007,RM005,180,417.97,2,18,Delivered
PUR0413,17/06/2025 00:00,S028,RM020,152,333.55,0,18,Delivered
PUR0499,17/06/2025 00:00,S008,RM012,299,91.71,5,18,Delivered
PUR0056,18/06/2025 00:00,S025,RM025,270,31.81,0,12,Delivered
PUR0331,19/06/2025 00:00,S028,RM013,1147,480.83,0,18,Delivered
PUR0438,20/06/2025 00:00,S015,RM002,350,183.19,5,18,Delivered
PUR0286,21/06/2025 00:00,S015,RM021,473,35.16,0,18,Delivered
PUR0552,21/06/2025 00:00,S012,RM009,716,68.42,3,18,Delivered
PUR0027,22/06/2025 00:00,S017,RM015,156,254.12,3,18,Delivered
PUR0500,22/06/2025 00:00,S028,RM010,482,825.41,5,18,Delivered
PUR0354,23/06/2025 00:00,S003,RM021,75,35.86,0,18,Delivered
PUR0376,23/06/2025 00:00,S028,RM013,267,460,3,18,Delivered
PUR0224,23/06/2025 00:00,S022,RM023,568,69.2,2,12,Delayed
PUR0298,24/06/2025 00:00,S012,RM009,222,74.25,5,18,Partial
PUR0613,25/06/2025 00:00,S016,RM018,180,641.65,0,18,Delivered
PUR0199,25/06/2025 00:00,S022,RM023,550,65.25,5,12,Delivered
PUR0647,25/06/2025 00:00,S014,RM008,518,48.59,7,18,Delayed
PUR0334,25/06/2025 00:00,S015,RM011,357,133.63,2,18,Partial
PUR0059,25/06/2025 00:00,S024,RM022,312,54.23,7,18,Delivered
PUR0404,26/06/2025 00:00,S025,RM023,486,69.49,0,12,Delayed
PUR0102,28/06/2025 00:00,S009,RM006,66,86.88,0,18,Delivered
PUR0197,28/06/2025 00:00,S016,RM014,161,1491.34,0,18,Delayed
PUR0594,28/06/2025 00:00,S008,RM018,142,586.04,0,18,Delivered
PUR0511,29/06/2025 00:00,S028,RM010,349,739.89,0,18,Delivered
PUR0486,29/06/2025 00:00,S007,RM004,220,252.68,0,18,Delivered
PUR0210,29/06/2025 00:00,S023,RM010,259,830.72,7,18,Delivered
PUR0175,29/06/2025 00:00,S015,RM003,307,324.53,2,18,Delivered
PUR0351,30/06/2025 00:00,S027,RM025,662,31.43,2,12,Delivered
PUR0383,30/06/2025 00:00,S002,RM011,1178,119.67,5,18,Delivered
PUR0005,01/07/2025 00:00,S002,RM021,193,37.28,0,18,Delivered
PUR0602,01/07/2025 00:00,S022,RM025,282,32.23,10,12,Delivered
PUR0480,01/07/2025 00:00,S003,RM011,235,133.04,3,18,Delivered
PUR0688,02/07/2025 00:00,S011,RM021,126,36.24,5,18,Delivered
PUR0017,02/07/2025 00:00,S005,RM018,313,596.02,2,18,Delivered
PUR0488,02/07/2025 00:00,S017,RM013,160,482.93,5,18,Delivered
PUR0657,02/07/2025 00:00,S004,RM002,164,174.75,0,18,Delivered
PUR0099,03/07/2025 00:00,S026,RM025,150,32.57,10,12,Delivered
PUR0396,03/07/2025 00:00,S021,RM017,254,209.68,3,18,Delivered
PUR0663,04/07/2025 00:00,S014,RM013,432,455.35,0,18,Delivered
PUR0643,04/07/2025 00:00,S011,RM019,450,190.1,0,18,Delivered
PUR0693,04/07/2025 00:00,S019,RM015,256,254.36,0,18,Delivered
PUR0040,05/07/2025 00:00,S003,RM011,187,119.79,0,18,Delivered
PUR0086,05/07/2025 00:00,S005,RM012,716,94.67,0,18,Delivered
PUR0136,05/07/2025 00:00,S001,RM001,104,655.54,2,18,Delivered
PUR0360,06/07/2025 00:00,S014,RM015,178,255.76,5,18,Delivered
PUR0623,06/07/2025 00:00,S004,RM011,320,118.45,0,18,Delivered
PUR0687,07/07/2025 00:00,S023,RM020,333,345.51,5,18,Delayed
PUR0658,08/07/2025 00:00,S007,RM005,580,406.5,5,18,Delivered
PUR0154,09/07/2025 00:00,S023,RM013,173,478.62,7,18,Delivered
PUR0248,09/07/2025 00:00,S001,RM020,471,351.72,0,18,Delivered
PUR0421,10/07/2025 00:00,S010,RM019,444,190.07,7,18,Partial
PUR0081,10/07/2025 00:00,S013,RM006,150,88.64,0,18,Delivered
PUR0253,10/07/2025 00:00,S011,RM021,293,37.6,5,18,Delivered
PUR0517,10/07/2025 00:00,S006,RM018,214,642.16,5,18,Delivered
PUR0359,11/07/2025 00:00,S015,RM002,134,187.84,5,18,Delayed
PUR0522,11/07/2025 00:00,S012,RM016,172,177.21,2,18,Delivered
PUR0616,12/07/2025 00:00,S001,RM006,192,85.94,0,18,Delayed
PUR0690,12/07/2025 00:00,S008,RM018,223,602.43,7,18,Partial
PUR0001,12/07/2025 00:00,S003,RM021,370,35.05,5,18,Delivered
PUR0344,12/07/2025 00:00,S017,RM019,552,189.46,0,18,Delivered
PUR0181,13/07/2025 00:00,S019,RM019,306,198.57,0,18,Delayed
PUR0187,13/07/2025 00:00,S028,RM015,395,268.42,10,18,Delivered
PUR0127,13/07/2025 00:00,S026,RM023,377,67.86,5,12,Delivered
PUR0525,13/07/2025 00:00,S012,RM009,182,65.81,0,18,Delivered
PUR0141,14/07/2025 00:00,S003,RM011,88,127.83,0,18,Delayed
PUR0316,16/07/2025 00:00,S022,RM023,396,64.71,0,12,Delivered
PUR0560,16/07/2025 00:00,S005,RM014,204,1454.04,10,18,Delivered
PUR0412,16/07/2025 00:00,S004,RM021,342,36.79,2,18,Delivered
PUR0461,16/07/2025 00:00,S013,RM006,337,90.77,5,18,Delivered
PUR0114,17/07/2025 00:00,S010,RM020,178,349.17,0,18,Delivered
PUR0257,17/07/2025 00:00,S015,RM003,508,344,7,18,Delivered
PUR0259,19/07/2025 00:00,S023,RM013,287,487.72,10,18,Delivered
PUR0030,19/07/2025 00:00,S009,RM001,128,694.36,0,18,Delivered
PUR0120,20/07/2025 00:00,S024,RM022,84,54,2,18,Delivered
PUR0546,20/07/2025 00:00,S009,RM020,116,356.59,5,18,Delivered
PUR0498,21/07/2025 00:00,S015,RM021,171,32.91,3,18,Delivered
PUR0152,22/07/2025 00:00,S018,RM013,301,477.82,5,18,Delivered
PUR0010,22/07/2025 00:00,S023,RM010,346,819.13,5,18,Delivered
PUR0015,23/07/2025 00:00,S019,RM013,345,503.88,2,18,Delivered
PUR0091,23/07/2025 00:00,S006,RM012,1021,97.63,3,18,Delivered
PUR0293,25/07/2025 00:00,S009,RM015,146,274.05,0,18,Partial
PUR0528,25/07/2025 00:00,S016,RM018,420,590.48,0,18,Delivered
PUR0315,25/07/2025 00:00,S020,RM014,172,1463.61,0,18,Delayed
PUR0297,25/07/2025 00:00,S004,RM003,67,334.27,0,18,Delivered
PUR0400,25/07/2025 00:00,S004,RM003,167,333.1,3,18,Delivered
PUR0583,26/07/2025 00:00,S014,RM015,271,267.98,3,18,Delivered
PUR0678,26/07/2025 00:00,S011,RM015,471,273.59,2,18,Delivered
PUR0612,26/07/2025 00:00,S015,RM002,415,170.18,2,18,Delivered
PUR0012,26/07/2025 00:00,S024,RM022,268,57.59,3,18,Delivered
PUR0485,26/07/2025 00:00,S016,RM004,532,233.19,2,18,Delivered
PUR0427,27/07/2025 00:00,S011,RM011,313,118.71,0,18,Delivered
PUR0011,27/07/2025 00:00,S013,RM010,557,748.47,5,18,Delivered
PUR0597,27/07/2025 00:00,S010,RM006,120,91.32,5,18,Delivered
PUR0160,28/07/2025 00:00,S021,RM017,263,223.49,0,18,Delivered
PUR0482,29/07/2025 00:00,S022,RM025,423,33.95,7,12,Delivered
PUR0244,31/07/2025 00:00,S003,RM021,129,37.09,3,18,Delayed
PUR0681,31/07/2025 00:00,S017,RM019,519,183.05,0,18,Delivered
PUR0607,31/07/2025 00:00,S016,RM014,271,1534.92,7,18,Delivered
PUR0340,01/08/2025 00:00,S008,RM014,409,1564.69,3,18,Delivered
PUR0342,01/08/2025 00:00,S007,RM005,577,420.66,10,18,Delayed
PUR0072,03/08/2025 00:00,S004,RM003,260,331.54,2,18,Delivered
PUR0534,03/08/2025 00:00,S020,RM015,135,257.69,3,18,Delivered
PUR0445,03/08/2025 00:00,S027,RM023,454,67.15,5,12,Partial
PUR0653,04/08/2025 00:00,S021,RM017,215,199.57,5,18,Delivered
PUR0089,04/08/2025 00:00,S009,RM008,450,45.29,3,18,Delivered
PUR0064,04/08/2025 00:00,S021,RM017,291,200.19,3,18,Delivered
PUR0271,05/08/2025 00:00,S002,RM011,226,121.49,0,18,Partial
PUR0063,05/08/2025 00:00,S023,RM015,167,272.89,10,18,Delivered
PUR0083,05/08/2025 00:00,S013,RM015,175,250.7,0,18,Partial
PUR0642,06/08/2025 00:00,S002,RM011,209,130.89,7,18,Delivered
PUR0274,07/08/2025 00:00,S009,RM008,416,46.47,10,18,Delivered
PUR0604,07/08/2025 00:00,S001,RM010,395,741.01,7,18,Delivered
PUR0301,08/08/2025 00:00,S007,RM005,217,441.61,5,18,Delivered
PUR0305,08/08/2025 00:00,S015,RM002,125,191.06,3,18,Delivered
PUR0312,08/08/2025 00:00,S007,RM004,245,239.46,0,18,Delivered
PUR0471,08/08/2025 00:00,S011,RM001,693,687.09,0,18,Delivered
PUR0468,09/08/2025 00:00,S015,RM011,176,124.43,0,18,Delivered
PUR0418,10/08/2025 00:00,S008,RM005,157,451.96,3,18,Delivered
PUR0246,10/08/2025 00:00,S021,RM017,53,209.89,2,18,Delivered
PUR0514,11/08/2025 00:00,S022,RM024,348,18.02,0,12,Delivered
PUR0082,12/08/2025 00:00,S028,RM019,138,180.05,0,18,Delayed
PUR0530,12/08/2025 00:00,S019,RM019,337,204.35,7,18,Delivered
PUR0554,14/08/2025 00:00,S021,RM017,431,197.55,5,18,Delivered
PUR0329,14/08/2025 00:00,S008,RM014,139,1486.9,0,18,Delivered
PUR0470,15/08/2025 00:00,S016,RM004,652,249.01,0,18,Delayed
PUR0151,15/08/2025 00:00,S006,RM004,438,245.62,7,18,Delivered
PUR0644,18/08/2025 00:00,S028,RM015,240,246.17,2,18,Delivered
PUR0600,18/08/2025 00:00,S018,RM013,139,479.49,2,18,Delivered
PUR0106,18/08/2025 00:00,S004,RM021,150,34.57,2,18,Delayed
PUR0284,18/08/2025 00:00,S025,RM024,275,17.51,7,12,Delivered
PUR0324,19/08/2025 00:00,S022,RM023,241,69.13,3,12,Delivered
PUR0684,19/08/2025 00:00,S017,RM013,223,456.9,2,18,Delivered
PUR0109,20/08/2025 00:00,S020,RM015,510,280.14,2,18,Delivered
PUR0630,20/08/2025 00:00,S002,RM011,244,127.29,0,18,Partial
PUR0125,20/08/2025 00:00,S013,RM020,205,345.82,10,18,Delivered
PUR0252,20/08/2025 00:00,S025,RM025,310,32,0,12,Delivered
PUR0319,20/08/2025 00:00,S020,RM013,279,501.2,2,18,Delivered
PUR0222,22/08/2025 00:00,S005,RM005,308,410.72,0,18,Delivered
PUR0462,22/08/2025 00:00,S018,RM019,210,196.97,10,18,Delivered
PUR0182,22/08/2025 00:00,S013,RM007,116,103.44,0,18,Delivered
PUR0556,23/08/2025 00:00,S013,RM007,867,117.55,7,18,Delivered
PUR0458,23/08/2025 00:00,S015,RM021,175,35.17,0,18,Delivered
PUR0335,24/08/2025 00:00,S015,RM003,428,308.9,0,18,Delivered
PUR0557,25/08/2025 00:00,S024,RM022,118,57.73,2,18,Delivered
PUR0090,25/08/2025 00:00,S020,RM015,344,268.15,5,18,Delivered
PUR0215,25/08/2025 00:00,S016,RM014,68,1457.33,0,18,Delivered
PUR0226,26/08/2025 00:00,S025,RM023,187,62.98,0,12,Delivered
PUR0542,26/08/2025 00:00,S014,RM006,459,81.43,3,18,Delivered
PUR0646,27/08/2025 00:00,S010,RM019,259,193.07,0,18,Delivered
PUR0578,29/08/2025 00:00,S007,RM004,668,231.94,3,18,Partial
PUR0264,29/08/2025 00:00,S027,RM023,359,62.88,7,12,Delivered
PUR0178,30/08/2025 00:00,S001,RM007,474,112.77,2,18,Delivered
PUR0496,01/09/2025 00:00,S012,RM009,222,71.25,5,18,Delivered
PUR0397,02/09/2025 00:00,S022,RM024,309,18.35,5,12,Delivered
PUR0239,02/09/2025 00:00,S017,RM010,543,738.94,2,18,Delayed
PUR0008,02/09/2025 00:00,S007,RM012,330,95.11,5,18,Delivered
PUR0392,02/09/2025 00:00,S026,RM025,95,33.53,5,12,Delivered
PUR0029,03/09/2025 00:00,S004,RM011,286,122.42,5,18,Delivered
PUR0492,03/09/2025 00:00,S023,RM020,218,330.58,7,18,Delivered
PUR0364,04/09/2025 00:00,S003,RM011,152,123.45,2,18,Delivered
PUR0130,04/09/2025 00:00,S028,RM015,186,274.05,5,18,Delivered
PUR0193,04/09/2025 00:00,S008,RM005,307,448.33,3,18,Delivered
PUR0075,06/09/2025 00:00,S002,RM002,170,194.38,5,18,Delivered
PUR0539,06/09/2025 00:00,S023,RM015,309,256.64,0,18,Delivered
PUR0208,06/09/2025 00:00,S005,RM012,326,89.98,2,18,Delivered
PUR0567,06/09/2025 00:00,S017,RM013,446,494.64,7,18,Delivered
PUR0330,07/09/2025 00:00,S019,RM015,137,247.1,2,18,Delivered
PUR0339,07/09/2025 00:00,S014,RM019,83,205.17,0,18,Delivered
PUR0384,08/09/2025 00:00,S009,RM019,90,203.52,5,18,Delivered
PUR0053,09/09/2025 00:00,S026,RM024,471,17.18,0,12,Delayed
PUR0410,10/09/2025 00:00,S006,RM004,247,234.4,2,18,Delivered
PUR0571,10/09/2025 00:00,S018,RM019,192,203.71,7,18,Delivered
PUR0513,11/09/2025 00:00,S025,RM023,197,61.46,3,12,Delivered
PUR0039,11/09/2025 00:00,S015,RM021,151,35.75,5,18,Delivered
PUR0061,11/09/2025 00:00,S006,RM012,254,100.75,3,18,Delivered
PUR0503,12/09/2025 00:00,S025,RM024,265,18.62,5,12,Delayed
PUR0123,13/09/2025 00:00,S028,RM020,268,358.17,7,18,Delivered
PUR0416,15/09/2025 00:00,S005,RM018,320,639.08,0,18,Delivered
PUR0255,16/09/2025 00:00,S001,RM019,199,182.74,7,18,Delivered
PUR0579,17/09/2025 00:00,S019,RM013,140,517.36,0,18,Delayed
PUR0173,17/09/2025 00:00,S007,RM018,539,656.7,3,18,Delivered
PUR0568,17/09/2025 00:00,S008,RM005,489,433.4,5,18,Delivered
PUR0535,17/09/2025 00:00,S026,RM024,335,19.14,2,12,Delivered
PUR0209,18/09/2025 00:00,S024,RM022,501,58.02,0,18,Delivered
PUR0699,18/09/2025 00:00,S012,RM016,98,179.63,0,18,Delivered
PUR0016,19/09/2025 00:00,S009,RM006,198,80.17,5,18,Delivered
PUR0268,19/09/2025 00:00,S005,RM014,406,1451.26,5,18,Delivered
PUR0676,19/09/2025 00:00,S003,RM002,293,177.55,2,18,Delivered
PUR0194,20/09/2025 00:00,S022,RM025,250,32.81,5,12,Delivered
PUR0272,20/09/2025 00:00,S001,RM010,177,831.13,0,18,Delivered
PUR0519,20/09/2025 00:00,S022,RM023,440,66.45,0,12,Delivered
PUR0695,20/09/2025 00:00,S008,RM014,231,1478.25,3,18,Delivered
PUR0572,21/09/2025 00:00,S002,RM003,953,334.89,0,18,Delivered
PUR0450,23/09/2025 00:00,S001,RM015,516,274.52,3,18,Delivered
PUR0652,23/09/2025 00:00,S025,RM024,279,17.73,5,12,Delivered
PUR0671,23/09/2025 00:00,S009,RM007,964,104.22,0,18,Delivered
PUR0190,25/09/2025 00:00,S014,RM008,295,43.09,5,18,Delivered
PUR0111,25/09/2025 00:00,S004,RM011,154,125.2,5,18,Partial
PUR0057,26/09/2025 00:00,S013,RM010,633,778.72,2,18,Delivered
PUR0073,27/09/2025 00:00,S013,RM007,158,110.46,0,18,Delayed
PUR0371,27/09/2025 00:00,S006,RM012,273,89.59,0,18,Delivered
PUR0188,27/09/2025 00:00,S021,RM017,297,209.25,5,18,Delivered
PUR0373,27/09/2025 00:00,S026,RM023,233,68.27,7,12,Partial
PUR0669,27/09/2025 00:00,S010,RM006,290,84.42,2,18,Delivered
PUR0116,28/09/2025 00:00,S011,RM002,112,186.22,5,18,Delayed
PUR0382,28/09/2025 00:00,S024,RM022,322,56.1,7,18,Delivered
PUR0241,29/09/2025 00:00,S001,RM008,81,47.67,2,18,Delivered
PUR0484,29/09/2025 00:00,S023,RM013,483,481.63,2,18,Delivered
PUR0290,30/09/2025 00:00,S013,RM008,331,45.81,0,18,Delivered
PUR0035,30/09/2025 00:00,S003,RM011,125,122.09,0,18,Delivered
PUR0654,30/09/2025 00:00,S021,RM017,127,224.31,2,18,Delivered
PUR0587,30/09/2025 00:00,S024,RM022,216,54.43,0,18,Delivered
PUR0281,01/10/2025 00:00,S022,RM024,128,18.97,5,12,Delivered
PUR0228,02/10/2025 00:00,S027,RM024,221,17.44,7,12,Delivered
PUR0549,02/10/2025 00:00,S003,RM021,228,34.34,5,18,Delivered
PUR0389,04/10/2025 00:00,S006,RM005,375,453.06,3,18,Delivered
PUR0677,04/10/2025 00:00,S025,RM023,251,70.13,7,12,Delivered
PUR0338,05/10/2025 00:00,S012,RM009,318,68.06,3,18,Delivered
PUR0332,05/10/2025 00:00,S016,RM004,625,241.48,3,18,Delayed
PUR0002,05/10/2025 00:00,S028,RM019,242,199.51,2,18,Delivered
PUR0665,06/10/2025 00:00,S019,RM019,223,187.91,0,18,Delayed
PUR0044,07/10/2025 00:00,S019,RM013,171,506.94,0,18,Delivered
PUR0391,07/10/2025 00:00,S013,RM006,395,89.5,7,18,Delivered
PUR0105,08/10/2025 00:00,S014,RM010,233,826.24,7,18,Delivered
PUR0336,08/10/2025 00:00,S013,RM008,205,46.92,3,18,Delivered
PUR0267,09/10/2025 00:00,S011,RM007,303,111.72,0,18,Delivered
PUR0411,09/10/2025 00:00,S015,RM021,341,34.76,10,18,Delivered
PUR0212,10/10/2025 00:00,S013,RM019,211,179.53,5,18,Delivered
PUR0166,10/10/2025 00:00,S025,RM023,217,63.4,5,12,Delayed
PUR0576,11/10/2025 00:00,S014,RM007,184,104.48,7,18,Delivered
PUR0119,12/10/2025 00:00,S020,RM020,138,361.91,7,18,Delivered
PUR0325,13/10/2025 00:00,S012,RM009,115,69.19,0,18,Delivered
PUR0306,13/10/2025 00:00,S004,RM002,93,192.85,2,18,Delayed
PUR0372,13/10/2025 00:00,S003,RM002,278,192.95,3,18,Delivered
PUR0273,13/10/2025 00:00,S019,RM019,230,189.99,7,18,Delivered
PUR0489,14/10/2025 00:00,S019,RM020,275,370.83,3,18,Delivered
PUR0084,14/10/2025 00:00,S013,RM010,293,802.7,0,18,Delayed
PUR0398,14/10/2025 00:00,S028,RM010,158,838.86,0,18,Delivered
PUR0309,15/10/2025 00:00,S024,RM022,493,58.73,5,18,Delivered
PUR0475,15/10/2025 00:00,S020,RM019,206,179.44,3,18,Delivered
PUR0357,16/10/2025 00:00,S025,RM025,311,34.43,10,12,Delivered
PUR0611,18/10/2025 00:00,S024,RM022,204,56.24,2,18,Delivered
PUR0645,18/10/2025 00:00,S020,RM014,154,1409.34,0,18,Delivered
PUR0232,18/10/2025 00:00,S010,RM010,70,787.11,2,18,Delivered
PUR0540,19/10/2025 00:00,S026,RM023,126,69.93,3,12,Delivered
PUR0144,19/10/2025 00:00,S009,RM010,487,798.8,2,18,Delivered
PUR0563,19/10/2025 00:00,S023,RM019,179,187.01,2,18,Delivered
PUR0393,19/10/2025 00:00,S022,RM025,138,32.78,0,12,Delivered
PUR0569,20/10/2025 00:00,S022,RM025,199,31.29,0,12,Delivered
PUR0078,20/10/2025 00:00,S017,RM020,68,340.69,0,18,Delivered
PUR0159,21/10/2025 00:00,S001,RM006,203,88.75,10,18,Delivered
PUR0682,21/10/2025 00:00,S027,RM025,363,32.06,0,12,Delayed
PUR0439,22/10/2025 00:00,S025,RM024,266,17.54,0,12,Delivered
PUR0516,24/10/2025 00:00,S024,RM022,642,57.37,2,18,Delivered
PUR0275,24/10/2025 00:00,S012,RM016,121,181.95,2,18,Delivered
PUR0310,25/10/2025 00:00,S008,RM012,303,91.81,10,18,Delivered
PUR0077,27/10/2025 00:00,S001,RM020,211,361.16,0,18,Delivered
PUR0093,27/10/2025 00:00,S015,RM021,343,35.32,0,18,Delayed
PUR0456,27/10/2025 00:00,S021,RM017,199,212.06,5,18,Partial
PUR0610,27/10/2025 00:00,S010,RM015,54,250.14,3,18,Delivered
PUR0598,27/10/2025 00:00,S020,RM015,207,262,0,18,Delivered
PUR0481,29/10/2025 00:00,S007,RM012,520,92.08,0,18,Delivered
PUR0048,29/10/2025 00:00,S005,RM004,214,236.03,7,18,Delivered
PUR0543,30/10/2025 00:00,S006,RM014,691,1507.13,7,18,Delivered
PUR0031,30/10/2025 00:00,S011,RM007,149,115.85,10,18,Delivered
PUR0431,31/10/2025 00:00,S005,RM012,519,89.99,7,18,Delivered
PUR0426,31/10/2025 00:00,S024,RM022,315,52.77,5,18,Delayed
PUR0621,01/11/2025 00:00,S002,RM011,338,126.66,7,18,Delivered
PUR0651,02/11/2025 00:00,S014,RM013,257,471.82,0,18,Delivered
PUR0509,02/11/2025 00:00,S011,RM011,129,118.81,10,18,Delayed
PUR0278,02/11/2025 00:00,S012,RM009,261,70.99,5,18,Delivered
PUR0599,03/11/2025 00:00,S018,RM019,292,179.49,0,18,Delivered
PUR0054,04/11/2025 00:00,S003,RM021,133,37.32,5,18,Delivered
PUR0415,04/11/2025 00:00,S022,RM024,278,19.11,3,12,Delivered
PUR0103,04/11/2025 00:00,S024,RM022,222,56.61,5,18,Delivered
PUR0505,04/11/2025 00:00,S019,RM013,289,517.8,5,18,Delayed
PUR0436,05/11/2025 00:00,S008,RM004,389,250.74,3,18,Delivered
PUR0448,05/11/2025 00:00,S006,RM014,152,1523.42,0,18,Delivered
PUR0266,07/11/2025 00:00,S004,RM003,834,304.86,2,18,Delayed
PUR0133,07/11/2025 00:00,S017,RM010,219,782.9,0,18,Delivered
PUR0394,07/11/2025 00:00,S028,RM015,404,245.95,0,18,Delivered
PUR0620,07/11/2025 00:00,S025,RM025,101,30.42,5,12,Delivered
PUR0679,07/11/2025 00:00,S015,RM011,510,125.05,5,18,Partial
PUR0358,07/11/2025 00:00,S003,RM002,46,184.67,2,18,Delivered
PUR0196,09/11/2025 00:00,S027,RM024,381,18.04,7,12,Delivered
PUR0362,10/11/2025 00:00,S007,RM018,129,615.63,0,18,Delivered
PUR0341,10/11/2025 00:00,S021,RM017,479,224.83,3,18,Delivered
PUR0378,10/11/2025 00:00,S015,RM011,334,125.34,7,18,Delivered
PUR0137,12/11/2025 00:00,S014,RM019,455,185.53,0,18,Delivered
PUR0451,12/11/2025 00:00,S013,RM019,210,197.84,2,18,Delivered
PUR0045,13/11/2025 00:00,S017,RM020,183,358.55,2,18,Delivered
PUR0317,13/11/2025 00:00,S008,RM012,270,99.22,0,18,Delivered
PUR0285,13/11/2025 00:00,S019,RM013,54,518.32,7,18,Delayed
PUR0408,14/11/2025 00:00,S021,RM017,229,223.16,0,18,Delivered
PUR0449,15/11/2025 00:00,S015,RM021,149,36.23,3,18,Delivered
PUR0538,16/11/2025 00:00,S027,RM024,324,17.31,0,12,Delayed
PUR0218,16/11/2025 00:00,S012,RM009,64,75.36,0,18,Delivered
PUR0564,16/11/2025 00:00,S026,RM024,79,19.23,10,12,Delivered
PUR0395,17/11/2025 00:00,S012,RM009,275,68.45,2,18,Delivered
PUR0478,17/11/2025 00:00,S026,RM024,617,19.34,7,12,Delivered
PUR0377,18/11/2025 00:00,S016,RM012,247,101.67,10,18,Delivered
PUR0559,19/11/2025 00:00,S007,RM004,187,238.16,2,18,Delivered
PUR0675,19/11/2025 00:00,S021,RM017,393,204.58,5,18,Delivered
PUR0034,20/11/2025 00:00,S004,RM011,276,123.03,5,18,Delivered
PUR0051,21/11/2025 00:00,S028,RM015,165,276.25,0,18,Delivered
PUR0659,21/11/2025 00:00,S018,RM013,221,491.69,2,18,Delivered
PUR0407,21/11/2025 00:00,S004,RM011,278,123.43,0,18,Delayed
PUR0668,21/11/2025 00:00,S026,RM024,117,18.63,2,12,Delivered
PUR0349,22/11/2025 00:00,S023,RM019,218,178.89,7,18,Delivered
PUR0126,22/11/2025 00:00,S015,RM011,234,122.48,0,18,Delivered
PUR0346,22/11/2025 00:00,S028,RM015,352,245.17,0,18,Delivered
PUR0402,23/11/2025 00:00,S027,RM023,294,62.79,3,12,Delivered
PUR0406,24/11/2025 00:00,S006,RM012,319,92.67,0,18,Delivered
PUR0149,24/11/2025 00:00,S004,RM011,219,132.91,5,18,Delivered
PUR0502,27/11/2025 00:00,S001,RM015,139,274.88,7,18,Delivered
PUR0019,28/11/2025 00:00,S027,RM024,199,18.68,10,12,Delivered
PUR0189,28/11/2025 00:00,S021,RM017,237,209.73,0,18,Delivered
PUR0282,29/11/2025 00:00,S010,RM008,218,43.41,2,18,Delivered
PUR0328,29/11/2025 00:00,S020,RM019,179,186.45,0,18,Delivered
PUR0477,30/11/2025 00:00,S003,RM003,388,322.94,7,18,Delivered
PUR0667,30/11/2025 00:00,S015,RM002,239,179.71,0,18,Delivered
PUR0661,30/11/2025 00:00,S005,RM018,297,640.82,7,18,Delivered
PUR0156,30/11/2025 00:00,S025,RM025,76,31.03,5,12,Delayed
PUR0217,02/12/2025 00:00,S002,RM003,284,345.17,5,18,Delivered
PUR0592,02/12/2025 00:00,S016,RM014,127,1423.88,3,18,Delivered
PUR0155,02/12/2025 00:00,S005,RM014,131,1393.32,0,18,Delivered
PUR0440,02/12/2025 00:00,S015,RM021,141,36.24,2,18,Delivered
PUR0314,02/12/2025 00:00,S007,RM014,164,1496.67,0,18,Delivered
PUR0258,03/12/2025 00:00,S024,RM022,306,59.21,10,18,Delivered
PUR0092,03/12/2025 00:00,S025,RM023,223,65.68,5,12,Delivered
PUR0180,03/12/2025 00:00,S024,RM022,165,54.33,0,18,Delivered
PUR0649,04/12/2025 00:00,S014,RM010,216,801.2,5,18,Delivered
PUR0455,04/12/2025 00:00,S002,RM021,335,37.23,3,18,Delivered
PUR0115,04/12/2025 00:00,S023,RM013,313,506.48,2,18,Delivered
PUR0442,05/12/2025 00:00,S022,RM023,230,62.9,0,12,Delayed
PUR0249,06/12/2025 00:00,S004,RM003,278,328.52,2,18,Delivered
PUR0356,06/12/2025 00:00,S006,RM014,344,1366.63,10,18,Delivered
PUR0066,06/12/2025 00:00,S017,RM010,103,746.27,0,18,Delivered
PUR0584,07/12/2025 00:00,S005,RM012,307,99.43,7,18,Delivered
PUR0635,07/12/2025 00:00,S026,RM023,165,66.24,5,12,Delivered
PUR0235,07/12/2025 00:00,S026,RM025,104,31.83,2,12,Delivered
PUR0043,07/12/2025 00:00,S017,RM010,109,821.04,5,18,Delivered
PUR0131,08/12/2025 00:00,S005,RM012,190,90.66,10,18,Delivered
PUR0069,08/12/2025 00:00,S005,RM004,228,240.31,5,18,Delivered
PUR0263,08/12/2025 00:00,S015,RM011,469,134.6,0,18,Delivered
PUR0631,09/12/2025 00:00,S022,RM023,277,69.31,5,12,Delivered
PUR0565,09/12/2025 00:00,S026,RM023,223,61.86,0,12,Delivered
PUR0648,09/12/2025 00:00,S019,RM015,207,256.92,0,18,Delivered
PUR0399,10/12/2025 00:00,S016,RM004,489,253.09,0,18,Delayed
PUR0474,11/12/2025 00:00,S012,RM016,306,193.16,5,18,Delivered
PUR0386,11/12/2025 00:00,S013,RM013,328,452.15,0,18,Delivered
PUR0608,11/12/2025 00:00,S007,RM004,295,234.84,0,18,Delivered
PUR0591,12/12/2025 00:00,S013,RM020,355,342.96,0,18,Delayed
PUR0129,13/12/2025 00:00,S002,RM011,223,131.36,2,18,Delivered
PUR0291,13/12/2025 00:00,S002,RM011,115,124.55,5,18,Delivered
PUR0231,13/12/2025 00:00,S010,RM010,334,796.19,0,18,Partial
PUR0157,13/12/2025 00:00,S019,RM014,477,1467.95,5,18,Delivered
PUR0466,13/12/2025 00:00,S019,RM019,482,186.19,0,18,Delivered
PUR0423,14/12/2025 00:00,S008,RM004,89,251.27,7,18,Delivered
PUR0366,14/12/2025 00:00,S013,RM019,177,195.91,7,18,Delivered
PUR0515,15/12/2025 00:00,S002,RM021,182,37.71,2,18,Delivered
PUR0041,15/12/2025 00:00,S019,RM014,167,1421.15,0,18,Delivered
PUR0617,15/12/2025 00:00,S013,RM007,1338,107.82,7,18,Delivered
PUR0163,15/12/2025 00:00,S010,RM001,111,633.17,5,18,Delayed
PUR0350,17/12/2025 00:00,S020,RM013,180,464.83,5,18,Delivered
PUR0068,17/12/2025 00:00,S023,RM019,152,185.8,0,18,Delivered
PUR0577,18/12/2025 00:00,S028,RM010,417,748.77,3,18,Delivered
PUR0055,19/12/2025 00:00,S018,RM019,231,199.32,3,18,Delivered
PUR0641,21/12/2025 00:00,S028,RM013,260,512.95,3,18,Delivered
PUR0638,21/12/2025 00:00,S007,RM014,261,1516.93,7,18,Delivered
PUR0087,21/12/2025 00:00,S027,RM023,154,63.87,3,12,Delivered
PUR0320,21/12/2025 00:00,S002,RM011,224,121.03,5,18,Delivered
PUR0270,22/12/2025 00:00,S027,RM024,123,19.43,2,12,Delivered
PUR0313,24/12/2025 00:00,S011,RM011,313,132.96,5,18,Delivered
PUR0521,24/12/2025 00:00,S008,RM018,448,640.16,5,18,Delivered
PUR0547,24/12/2025 00:00,S024,RM022,437,52.46,3,18,Delivered
PUR0585,25/12/2025 00:00,S015,RM021,252,34.94,0,18,Delivered
PUR0311,26/12/2025 00:00,S026,RM023,231,64.3,2,12,Partial
PUR0185,26/12/2025 00:00,S003,RM003,105,343.36,0,18,Delivered
PUR0167,26/12/2025 00:00,S026,RM023,128,70.04,0,12,Delivered
PUR0452,26/12/2025 00:00,S022,RM023,780,62.86,10,12,Delivered
PUR0179,27/12/2025 00:00,S006,RM018,33,653.83,2,18,Delivered
PUR0024,28/12/2025 00:00,S019,RM013,127,458.15,0,18,Delayed
PUR0251,28/12/2025 00:00,S006,RM012,680,100.06,0,18,Delivered
PUR0033,29/12/2025 00:00,S013,RM020,583,372.69,7,18,Delayed
PUR0479,29/12/2025 00:00,S005,RM012,90,96.75,0,18,Delivered
PUR0013,29/12/2025 00:00,S023,RM013,190,453.27,0,18,Delivered
PUR0459,30/12/2025 00:00,S020,RM014,225,1532.84,0,18,Delivered
PUR0046,30/12/2025 00:00,S004,RM011,109,132.68,0,18,Delivered
PUR0622,31/12/2025 00:00,S012,RM016,240,175.54,0,18,Delivered
